ip_address,country_code,country,city,latitude,longitude,mystery_value
200.106.141.15,SI,Nepal,DuBuquemouth,-84.87503094689836,7.206435933364332,7823011346
160.103.7.140,CZ,Nicaragua,New Neva,-68.31023296602508,-37.62435199624531,7301823115
70.95.73.73,TL,Saudi Arabia,Gradymouth,-49.16675918861615,-86.05920084416894,2559997162
,PY,Falkland Islands (Malvinas),,75.41685191518815,-144.6943217219469,0
125.159.20.54,LI,Guyana,Port Karson,-78.2274228596799,-163.26218895343357,1337885276
31.185.249.104,TJ,Swaziland,New Rodrick,-9.819692971081892,48.19629305170949,4150731611
28.180.236.152,CY,Equatorial Guinea,South Austyn,-36.7497995235387,145.715564070675,6003526404
3.95.16.184,CI,Angola,Elyseberg,25.51048331311638,-130.5300725337243,9850711487
54.132.203.109,GQ,Macao,Rogermouth,33.06571675586653,37.34924223135934,8914759140
120.99.153.8,EG,Ukraine,North Samir,-11.610030431488525,-84.62426634382494,9155430546
171.29.208.41,CO,Macao,North Stephania,75.78298769969385,14.453115236028452,6963949931
192.184.51.218,RU,Morocco,Willburgh,76.7892707471672,-8.617777079132821,2815330924
160.168.85.54,BO,Cuba,Mohamedview,-66.20896958745531,81.62948730878543,8879434387
214.165.161.44,PR,Republic of Korea,West Erika,48.92021642445653,14.900399560492929,3829378711
187.197.68.39,MM,Zimbabwe,North Anamouth,48.82685320435576,2.9300655090904684,8762174736
175.201.47.112,MX,Honduras,South Esperanzashire,75.28030175567753,-89.37449882883413,1805932472
49.117.105.135,OM,France,Everardoshire,-35.437661078966926,-134.6494137784682,1564654215
220.235.222.173,BT,Sierra Leone,Brainchester,56.411697833580035,-4.970923999506766,1859518394
64.180.6.207,IL,Turkey,Lake Osvaldo,-27.03246415903554,118.74210995605495,8971989993
53.203.64.103,SE,Bouvet Island (Bouvetoya),Carolynbury,-50.528513676852775,-64.75081885684371,3369105015
54.93.102.185,UY,Spain,Boganborough,-4.350981494719662,-126.77098280735518,1392545193
118.254.68.63,TH,Monaco,New Vernice,-8.74935378429285,-84.19339979852273,3496257080
185.118.77.39,PH,Germany,West Tina,17.299396579950155,-167.40239075621434,1745140365
18.133.100.71,LR,Poland,West Aliland,51.12578586022968,-128.88858044853282,1503762227
39.251.147.217,KM,Italy,West Cedrickfort,42.36131347121875,35.07948460061803,4902574639
74.236.95.197,TH,Liechtenstein,Port Hertha,-53.95127157960281,4.8173562566312285,7743073845
145.121.148.44,CX,Ukraine,Port Carmelochester,25.470613094501104,-50.24985727767111,3541816975
85.68.71.24,PA,Netherlands,New Alessiaview,-1.5710614893880432,174.57963021150817,3326541859
183.53.100.10,PM,Kiribati,New Fannie,74.12244810197583,32.785993429732855,7261753069
219.229.244.176,CR,Tokelau,West Josianne,-68.50906227448486,-26.742698396890006,3658248394
153.44.13.124,GG,Netherlands Antilles,Freedahaven,-49.30187938748581,-148.74829258717926,9150444484
9.197.69.209,GR,Wallis and Futuna,North Alvahhaven,-64.3701545266877,139.10168692783628,3788578721
41.80.34.244,UM,Mongolia,East Yasmeenmouth,-45.49213146468858,-171.92458302296777,1048151499
129.105.245.153,CD,Lesotho,Westfurt,-44.890838714581164,-139.46163648002593,8104869408
216.198.41.216,ES,Chile,North Daphneestad,-55.836565441768855,-65.15717242063772,3300835430
145.160.82.47,AZ,Benin,Lake Valentinbury,63.71364193547814,-111.36448234873919,8400336035
17.208.50.30,JP,Lesotho,Port Benedict,-45.51980887531106,-130.01370919533787,8499852634
not your IP address,HN,Benin,Fredyshire,-70.41275040993187,60.19866111663936,2040256925
33.173.188.44,GM,Bermuda,Lake Alexis,34.26394614136889,160.13364176192965,3771636519
126.66.88.240,KN,Greenland,Conroyland,-6.108848129845683,121.57864438237675,8552421013
140.11.174.94,AZ,Australia,New Maximus,-70.4649600396407,-78.52451047818955,9630706206
144.116.254.249,,,,0,0,8050339844
76.78.120.87,AU,Eritrea,Port Beaumouth,41.02039582075378,4.964595719377769,9818941430
90.17.18.235,WF,Monaco,Lake Benniebury,40.29447055286957,12.944303201452499,3945296384
163.183.181.106,EE,Martinique,Margarettmouth,-54.451770752883284,-57.13050667186144,7437409077
85.68.71.24,PA,Netherlands,New Alessiaview,-1.5710614893880432,174.57963021150817,3326541859
2.172.178.11,NP,Niue,East Lucindaview,9.20429932428209,-155.71232631583243,5817920166
190.200.217.78,FK,Gambia,Kuvalisborough,-38.780529290389055,-179.8252509199637,7683919075
124.156.102.141,LS,Grenada,Balistrerishire,-21.884729430830077,-170.1340538494888,3636302964
43.69.252.231,MP,Qatar,Lake Ivahport,,,0
116.20.8.160,EE,Niger,Turnertown,13.058344459113513,-12.959284660965494,6751730687
152.159.31.208,GA,"Virgin Islands, British",Lake Wavatown,12.964804277773922,-56.656208830174734,1878158074
73.178.254.104,,,,0,0,4208175604
not your IP address,GU,Ukraine,Kutchside,15.475987948071491,85.71535794149821,1849048103
112.192.176.61,GM,Thailand,Colbymouth,47.98183098168562,-58.83006958046731,5876301307
13.28.57.41,GD,Belarus,North Stevie,2.0101362034296386,120.55554557478825,7090035087
75.3.54.98,MM,Jamaica,Fadelland,51.26401916950857,129.65181335780312,3702721287
166.174.79.134,KY,Palestinian Territory,East Clarissamouth,-59.229670291471436,176.27791569154687,1034381116
5.141.116.88,TV,Oman,Janelleberg,-1.308678076088114,-86.3869816238987,6121311718
146.227.112.130,CZ,Rwanda,Helmerberg,52.98356895768745,72.04643286751215,1131209441
87.151.220.127,IT,Gibraltar,Paulaton,81.19383332582603,9.765546602163425,4811695567
217.79.113.97,BB,Denmark,Predovicville,18.72537467912521,-58.27758535847491,3293216505
112.160.62.25,42,Turks and Caicos Islands,Furmanburgh,52.02198561482717,-159.97192720683555,0
51.23.171.108,SK,Slovakia (Slovak Republic),Mrazview,,,0
9.215.149.229,SZ,United Arab Emirates,South Jeanie,-58.542181486016005,38.02701014953402,1400794982
85.175.199.150,TW,Saudi Arabia,Deckowtown,25.6561924125008,-163.7348649682793,3962329634
39.66.36.12,BL,Congo,Lake Dejon,1.1437290220254255,131.09897369775217,8003605706
158.76.44.237,IQ,French Southern Territories,Mullerchester,22.866756538784813,-14.025820961195535,2273135845
109.35.218.64,PF,Ghana,Stehrshire,82.2843401189831,-119.88656749789627,7306537378
156.120.26.135,DZ,Isle of Man,Lake Missouri,-71.90312899503462,-20.3497494359371,5650032115
190.71.178.146,ET,Rwanda,Cassinport,-2.855848238912742,-120.38042019421474,1510923767
31.43.251.232,AD,Venezuela,Hahnberg,62.30368161524774,-48.114910125846535,7131947296
133.178.19.134,ET,Argentina,Lueilwitzborough,-51.266329205286034,-167.0169967374607,3077460868
63.239.72.29,WS,Dominica,Port Theresechester,-50.48648700216117,130.2063384125791,8345843102
85.68.71.24,PA,Netherlands,New Alessiaview,-1.5710614893880432,174.57963021150817,3326541859
67.76.216.145,AZ,Guam,Port Nedra,53.807715669587935,4.8764549929412055,8364764541
74.39.92.165,BD,Martinique,West Kyler,-74.81456263339565,125.42830304271695,1663302320
97.26.181.157,CA,Kazakhstan,Lake Gage,76.04886070811153,159.63294501236544,3105887921
221.220.66.211,,,,0,0,7813589096
146.28.225.119,AF,Brazil,Teagantown,41.6025356534943,-73.88706674873318,7286756817
102.208.216.103,CU,Serbia,North Jairo,48.97144823670402,-164.13344342250977,6285592952
15.202.209.135,PG,Tokelau,Wilkinsonstad,-74.483859463096,-74.87414710573402,6296441496
47.84.249.170,SE,Gibraltar,Nathanielside,-7.457226564200553,170.13180374616957,2256985727
not your IP address,ZW,Ghana,Lake Zelda,-6.235125239099517,-146.9381918084922,5351486108
171.117.32.62,AD,Belarus,Adolphusfurt,-6.950443240203967,-165.00503879759066,6692201581
118.2.118.232,KY,Taiwan,Davionport,13.853325914294757,-135.03086597628436,7678045764
75.195.196.5,UA,Bouvet Island (Bouvetoya),North Kierafort,-84.7633841637726,-173.11438323404747,7720065952
162.142.20.215,SX,French Polynesia,East Mafaldahaven,-69.24512315143998,21.510216532130215,8898513675
41.166.155.45,GG,Niger,Andrehaven,-50.61653243235257,-67.75522755681803,5983896781
5.32.28.197,IT,Romania,New Octavia,-57.52533492016634,106.0879376066382,6764537798
188.182.206.103,GS,Svalbard & Jan Mayen Islands,New Annie,1.1510021655515885,52.26733186603718,2415498884
157.184.32.99,NG,Portugal,Kreigerton,55.92364832320493,-127.43896895406053,4610712314
190.111.241.50,JE,Timor-Leste,New Ednaton,1.3858804499420785,-98.87112101088655,9637281737
105.9.99.63,LT,British Indian Ocean Territory (Chagos Archipelago),Jennyfermouth,-33.4026864574048,23.330781839832042,9016840356
48.116.128.144,SI,Vietnam,Roobstad,-3.0339848476664457,34.25794854330334,1301057514
25.200.84.84,BJ,Samoa,Rodricktown,64.61748852864432,83.85208639308274,2230985056
150.80.188.127,MH,Israel,West Ethylburgh,-64.5501947214881,134.48329619688627,1503023995
106.64.22.96,SJ,Saint Vincent and the Grenadines,Dasiahaven,20.77463785926838,-64.28094605970179,5665229302
130.110.204.26,ZW,French Polynesia,Port Abnershire,4.0626386517952255,148.8114619225356,5505129663
79.224.57.45,RU,Benin,New Kyle,78.92070387454226,151.52984841585413,1557789257
18.160.236.44,MH,Colombia,Everardoburgh,71.97822417375104,-78.79230104370836,2210362208
94.72.138.227,LB,Indonesia,Wintheiserville,-26.055831205462084,83.465167045881,9182685200
165.248.110.40,CH,French Polynesia,Lueilwitzshire,2.6182167107051697,-124.6145694728192,6435306936
114.242.56.225,SX,Brunei Darussalam,Lake Jamirville,,,0
170.23.195.206,VA,Finland,Juanitaborough,-62.339682521281894,-62.84267905180741,9925943667
114.81.43.186,TK,Saint Pierre and Miquelon,New Cristina,-20.70139083384457,-71.68716237045334,1886471695
29.47.210.73,MN,Qatar,Josephmouth,-15.983514618318225,8.314703840134598,9168779407
131.32.190.243,FJ,Jersey,North Shannonchester,-58.8458564095815,20.84001991245836,5773434625
93.146.179.29,CL,Timor-Leste,DuBuqueville,5.013375204199278,-23.185083129365808,1006020513
168.222.168.189,AI,Saint Martin,North Kacey,6.939760620323682,69.126304241111,9407099678
171.214.125.105,FI,Oman,New Damienton,-62.44185140113336,108.54588453370434,4845488645
199.83.23.135,CY,El Salvador,West Remingtonmouth,-44.29484959011389,62.93614005185043,8933136000
129.157.239.160,PG,Mongolia,North Randallstad,54.0349393482407,-164.10724870787377,9513533443
95.238.245.87,SE,"Virgin Islands, British",Arnoville,17.69749449619958,-167.6604863987367,2100922648
158.21.179.225,PF,Faroe Islands,Cassandrefurt,-48.393949550976615,56.64188351387256,8195812649
166.197.237.94,ID,Democratic People's Republic of Korea,East Clayshire,21.816469625451276,-117.69988035271521,7921013443
33.33.172.207,KM,Uganda,Gladysbury,-60.13289196842358,-154.8359750226626,9055697852
214.191.103.163,NI,Hungary,Paulchester,-89.83085252317764,-111.61148793701352,6260110764
78.76.149.33,GA,Togo,Mckenziestad,59.27238910037545,62.416538228999116,5917731504
202.116.37.29,CO,Nauru,Brandonfurt,64.24366239024556,-20.463135212295356,1161875914
17.117.193.183,YE,Saint Vincent and the Grenadines,Port Pearlieburgh,58.82540401115489,41.0794983587065,3033785414
166.45.46.111,GQ,Aruba,Thieltown,34.684704715716904,-79.3695938706665,7977049371
73.70.41.217,NP,Micronesia,Harrishaven,-33.00308567611622,80.81545323101744,8555059685
181.42.59.237,SB,Antarctica (the territory South of 60 deg S),Schultzborough,-38.14247262132435,-113.84046471348097,3458308641
183.232.64.87,LB,Saint Martin,South Nina,-19.610531946722602,161.00337609248254,8224686449
187.21.225.239,EE,Isle of Man,Electaburgh,72.75546658229135,81.16611924992691,6187824674
157.194.154.5,BV,Turkey,Olenberg,23.20864684341224,-162.98802783930788,3500286465
18.234.118.21,UZ,Oman,Casperfort,40.06719349983206,-127.69029709594048,2455022124
145.223.159.169,LY,Ukraine,New Jamey,-72.72442483914963,-179.6127004298683,7552066734
,SA,Andorra,,-32.99929598531881,-116.33304681856063,0
85.68.71.24,PA,Netherlands,New Alessiaview,-1.5710614893880432,174.57963021150817,3326541859
113.69.234.202,ZA,Mauritania,South Kenyaside,34.02218611857509,30.49211392726579,1686097625
172.55.161.83,KR,Iraq,Kochton,-71.83706050676831,-1.3340680343297038,5639852868
196.36.78.105,GN,Portugal,Emmerichstad,-59.666001873742836,-7.21565721615201,4249322458
152.81.105.178,WF,Uruguay,Elysefurt,58.520832288852944,77.2050556574369,3013755946
85.155.38.239,BH,Cape Verde,Lake Arafurt,-15.522294518343557,-109.97859012846507,5691563078
114.203.215.105,GH,Greece,Gerdamouth,,,0
61.253.139.38,HN,Vanuatu,East Marvinton,-49.22949753224087,-97.94968830075167,3837416119
49.113.216.4,TN,Japan,Bernhardmouth,33.913722598058854,-161.6266892043155,4697404274
54.87.166.119,DJ,Norfolk Island,Port Whitneyberg,24.867078479975532,20.79138486382118,5927877703
172.111.15.44,OM,French Southern Territories,North Margaretta,-62.79704825959219,-121.12503574013459,3216028735
31.67.30.64,MX,Afghanistan,New Aniyaberg,-30.56609124922666,22.716541022696845,9048439075
208.14.138.153,GT,French Southern Territories,Boscoville,-62.27936621799631,-89.99385575974354,9080623268
144.246.19.231,CV,Nepal,South Lester,-32.85453382853684,59.39004152292807,3867709491
6.218.143.231,SH,Mali,Armstrongview,22.781389671461454,-173.07034587842733,1611162525
26.14.194.4,PF,Mayotte,New Santaborough,37.282881703595706,16.81577867921041,2907760332
160.231.216.64,TJ,Northern Mariana Islands,Lillieland,-11.060275880340242,151.49780800835896,4081670240
145.132.241.128,BV,Macedonia,Port Ezekielberg,54.861994259494764,-150.69048486605513,4774840225
159.152.219.85,BE,Guinea,Howellville,34.11838161670072,151.81836977036858,3335509816
173.18.223.139,TJ,Kyrgyz Republic,Heavenmouth,-35.89641735680029,25.19260601613908,6694912492
163.56.76.226,KG,Greenland,Louchester,-48.677224005064765,-94.05439091744472,3213219987
158.126.168.233,GS,Bermuda,West Lupe,,,0
197.80.232.158,PG,Togo,New Rosarioburgh,-28.86889129344852,78.0231311228265,5413929070
8.251.103.246,BB,Mongolia,Imogeneton,74.9966181860749,46.370136188464244,6589326558
171.79.24.198,NG,Egypt,Bergstromtown,-85.21815694625134,42.55222602968615,4960574088
219.133.229.196,TK,Samoa,Rosalynton,,,0
187.19.183.215,MY,Democratic People's Republic of Korea,Zoieville,-12.512449344158156,-140.90326905199913,5166881442
150.254.169.177,GY,Kuwait,Lynnborough,-0.8720226678744325,-116.75259143292558,5662754780
80.222.180.68,VN,Haiti,Schmidtborough,32.88556156332827,54.62412127633124,8500566148
108.211.192.231,HM,Sweden,Hegmannbury,24.426872433549732,20.331616930047943,3770753632
161.249.176.100,CU,Guernsey,Emmetberg,-44.425863381651546,-96.0431656625063,9188044536
135.246.170.202,IE,British Indian Ocean Territory (Chagos Archipelago),Koreyhaven,11.119863525790521,147.8701390604017,7802299956
95.230.84.228,BR,Western Sahara,Reynoldsstad,64.68930978876213,177.0134457547378,7345521238
19.90.199.30,HU,Netherlands Antilles,Simonismouth,-85.6784195663215,100.6207884319382,2985654798
12.208.197.109,CD,Cote d'Ivoire,Coleburgh,52.965547815987435,-50.54820835451142,7683067852
87.215.113.30,GG,"Virgin Islands, British",Port Zander,-74.47815048255904,-139.7672497562387,6182761798
83.132.49.249,NI,Guatemala,East Bradenshire,50.776885329636656,-20.582487952778166,7725124144
103.15.36.112,,,,0,0,1129212857
26.159.194.191,AO,Azerbaijan,Jayceland,-44.81277216349351,104.53141902290048,7838237030
14.26.247.22,BF,Armenia,Tyrelville,-0.13960043564262037,-46.38689027054522,6015979265
75.105.150.134,DJ,Montserrat,Forestchester,38.832568629411156,56.9147080704623,4436039674
154.184.241.188,OM,Burundi,Port Meghanbury,81.49042882602325,133.4088825629209,5475975282
5.24.39.235,GH,Venezuela,Port Kiana,-8.37699233350068,115.11791617836974,4580813328
200.215.178.159,VE,Iran,Genesisbury,56.95667716495049,-144.0425815859119,1812077239
27.159.253.46,GR,Heard Island and McDonald Islands,Teaganland,-20.600996193605923,-47.058609510689564,5024413198
157.25.14.68,AU,Turkey,Warrenberg,-22.39159293196475,-119.50203107825511,8209323964
16.2.61.160,GD,Switzerland,New Zackaryport,-21.094991490318463,-79.34405363494263,1979190428
61.66.153.37,GA,Anguilla,Ethastad,6.782412658109308,33.913530681023644,8112968832
79.11.208.191,ZW,Isle of Man,New Haven,65.4807017187959,-156.44328184568423,4158626515
199.92.198.136,PA,Malawi,North Vivianfort,-1.2431249511624998,24.720047512187904,5490274434
22.75.65.204,BH,Kuwait,Larkinton,-53.32179126056415,-27.895961836885306,8567102757
2.113.78.43,UM,Pitcairn Islands,Leschside,7.026789069827117,-72.27153437962295,4194083598
75.232.140.215,AF,Denmark,South Elsastad,-83.33880672838022,-166.70751359144796,3778147407
99.80.10.187,ZM,Germany,West Emilyfort,-1.2105001208564232,-134.1164233676369,7599285521
95.84.23.184,US,Ireland,New Devon,0.4727269273319905,169.00388983168585,5571683773
153.25.138.246,LR,Puerto Rico,O'Konville,-57.47495096297171,-63.3612518413631,4454531038
147.247.204.232,TJ,Syrian Arab Republic,Nienowfurt,38.8733458902025,115.73539694838371,3708799997
42.97.131.135,ML,Zimbabwe,Lake Humberto,-36.49450425087303,25.90014948771494,3437115838
161.101.154.244,TK,Montenegro,Jaydonview,,,0
201.226.19.14,JO,Norway,South Jordan,45.95272858829321,15.089186522068132,8670477060
188.27.142.167,TM,Latvia,East Nolahaven,-63.94943393797495,-14.35174279928276,2740545924
146.40.212.181,CF,Romania,South Alf,84.70038578511551,-145.80166539506325,5546697437
82.40.24.169,GW,Uganda,Willieview,26.437683678679747,-130.63234953113772,2968105737
192.158.176.51,PY,Congo,North Heaven,-12.058445224750002,140.05123258037685,1122069202
72.20.252.201,TG,Switzerland,Considinechester,-7.23923818986421,125.16037524936445,9739790452
145.217.219.29,RU,Lesotho,Murphyview,40.03721144735394,120.81765686975467,8422951842
45.153.188.188,GU,Yemen,Eastonmouth,38.41116934866017,30.13426264278428,8733914498
125.208.144.178,AD,Gabon,Framifort,-5.368698233008331,-87.22372413331534,7374885871
33.18.58.249,CU,Brunei Darussalam,East Jessieview,60.16215761343469,-12.019723672456792,9783301957
199.174.42.41,PL,Paraguay,Kihnside,-0.2735161147218719,81.79581460299272,5276895538
73.218.63.175,SA,Lao People's Democratic Republic,New Adelaport,-35.52926699407583,-81.84282780860785,9830474707
18.130.5.25,BB,Norway,North Emie,-32.1799893903785,-95.09740359510911,3565806789
207.122.105.96,AF,Germany,Erdmantown,50.61054889799479,-35.663855085683196,3782861952
15.156.129.169,NG,Trinidad and Tobago,Malikaside,-41.114205258583674,-136.21144758676468,8555205129
68.35.19.214,VN,Vanuatu,Albaville,-3.1048315545146608,-163.96839130666595,8668505441
27.193.42.225,LS,Saudi Arabia,West Salvatore,39.180645887856,-145.50022169939308,6724651993
21.159.102.229,KG,Comoros,Turcottefurt,27.94665565716143,-30.364567944740884,5035383289
54.124.186.135,TW,Germany,East Norbertmouth,22.655938599119878,-13.537939729601533,7885824575
97.136.69.33,SK,Mongolia,Ivatown,-78.92240281334627,54.058366563943906,5232479512
152.103.232.57,GU,Jersey,Germanton,-55.80497484606107,122.74206528442556,2228030554
74.139.32.88,GA,Iceland,Philipfurt,-47.73707872217806,-45.88221904709991,6053536556
43.53.23.147,UG,Iran,Kipfort,-26.934155011888997,-144.23641252071278,8733592584
,SB,Andorra,,18.424724324055347,77.81210313900436,0
160.189.172.181,RU,Luxembourg,Willyhaven,-15.784537356829816,133.41278730828344,8231490433
76.205.19.17,US,Heard Island and McDonald Islands,Port Velma,-39.570205538065345,-153.47044234651108,7013732222
17.244.22.106,AU,Guam,Lake Ramon,56.89148681969192,54.60110195809705,5705343054
62.148.30.4,US,Peru,Lake Charlotteborough,43.282830766638,-88.67921306810682,2223312908
78.96.174.139,CL,Bhutan,West Sandra,-8.709495979001346,133.16357733827573,9043661959
181.193.226.149,NR,Greece,Rosenbaummouth,77.43642111235843,133.16683844038073,4796669787
218.124.237.196,GL,Trinidad and Tobago,Jacynthetown,-50.18562521260518,-107.62139186705485,1123422808
144.125.211.249,MF,French Southern Territories,Daphneyshire,-56.42408009775963,-176.79869857850775,6800498245
42.74.23.243,CY,Taiwan,Davisfurt,-39.196237081416065,127.1464280777281,7994814286
85.68.71.24,PA,Netherlands,New Alessiaview,-1.5710614893880432,174.57963021150817,3326541859
209.63.238.119,MZ,Denmark,New Murrayton,67.29651486152261,-107.94132611978416,6279607531
148.147.205.34,MW,Pakistan,Lake Darienshire,-74.77013461253934,74.4369402271326,7007239844
58.197.58.92,PS,Cuba,Botsfordberg,-26.176799973305677,-149.37656522753906,3421136676
26.36.254.17,BY,Montenegro,Delphinetown,-5.295497673600053,49.126506754888595,9285335151
35.113.130.151,ST,Austria,South Donnellborough,-3.9797800835370083,-136.53444486936345,5781538777
217.247.131.174,CD,Bouvet Island (Bouvetoya),Grimesshire,30.210142505725372,-155.24630788176023,8993340937
187.97.200.93,ER,American Samoa,Lake Carolebury,63.31970731490816,54.746950360933056,1201910643
,GT,Tanzania,,81.16577766821558,-61.363439047400675,0
124.96.104.25,SK,Uganda,Prosaccostad,25.198288608116357,-121.92817245679238,7787985359
151.79.56.153,BF,Belgium,Jastport,-29.104586509351,163.202151219815,7865444549
180.219.213.135,,,,0,0,6840170851
85.68.71.24,PA,Netherlands,New Alessiaview,-1.5710614893880432,174.57963021150817,3326541859
188.207.236.95,MR,Niger,Port Reneefurt,-18.337582242286885,-78.48979323064262,2499481722
149.40.152.32,42,Afghanistan,North Jordystad,-16.03509033871113,-96.62133256915183,0
38.111.125.236,BH,Bahrain,Sethfurt,-46.83383421249039,175.30463608673932,9875158070
124.26.108.46,BW,Kazakhstan,Durganburgh,-39.57289357682606,-95.07635979731663,7532604108
15.73.79.105,DM,Turkmenistan,North Cassandreborough,19.097150354738233,96.73102303694787,9350077403
122.55.247.79,TJ,Gibraltar,O'Reillymouth,-39.456785418840475,-163.46773583612685,7923916355
160.181.159.102,CZ,Saint Pierre and Miquelon,Brendonchester,32.245597001082686,-179.082765873752,9665662828
182.149.41.124,JM,Saint Pierre and Miquelon,North Shaynashire,34.9040731258421,79.65911219154259,5176693062
52.153.194.254,GM,Niger,North Beaulahville,-82.83295564830172,-26.435642507106593,8357858284
8.32.178.53,GU,Switzerland,New Dasia,45.825546733412295,42.8091654314772,7069129401
60.215.241.36,TN,Argentina,South Dollyview,17.570300314109573,-37.124288119339155,6239789692
87.43.82.198,LS,Romania,Mooreton,39.90801000489262,42.66102113601036,8040600321
52.115.146.153,PW,Syrian Arab Republic,Rooseveltland,48.69713268806552,-107.97618272682497,8331229803
191.55.176.18,VE,Norway,Ashleychester,-12.617040892295535,175.63222152030943,9630970150
7.91.69.58,FK,Senegal,Lake Sheridanside,-67.99018359217638,31.24324671593149,1128407832
208.133.4.126,EC,Kyrgyz Republic,North Rosalindberg,9.72548698535968,155.77366447280377,6013188221
182.254.182.10,GR,Papua New Guinea,East Davion,76.24132089010655,118.21609827400869,5619054915
111.165.65.142,DJ,Liberia,North Taurean,52.36259121465531,179.62571021484706,5018500009
206.170.134.214,PG,French Guiana,South Casey,-89.34274364884746,172.78618558833676,6839303608
104.18.73.171,BT,Dominican Republic,Murphychester,85.77980966295931,-111.61511443140283,6524173778
99.247.14.253,LR,Solomon Islands,Jobury,-79.70199780037638,108.31973193308039,1160239437
193.172.90.168,MG,Niue,Dagmarville,4.316195094012286,161.21629817315414,2518335549
154.96.24.2,IM,Montserrat,Sophieland,-56.19360814094327,-44.6654526226568,6736897896
142.234.134.185,BO,Belgium,North Reyesfort,70.2622690810525,21.803230240425563,4123100100
135.132.113.221,KR,Lao People's Democratic Republic,East Gerdaview,-54.65853555565946,22.19950282760547,7936333336
193.250.218.149,ME,Brazil,New Stacymouth,-13.657978651259668,10.79200975652148,2376021209
55.47.78.186,MG,Dominica,New Ana,-82.22173508613031,88.74341744968848,3860401691
138.52.172.18,EU,Comoros,Strosintown,latitude,longitude,0
155.215.129.8,LR,Bolivia,West Keaton,49.57629452820436,-140.9792951433761,7574288569
54.106.248.74,NA,Yemen,Port Cleofurt,-85.95448019807412,59.49518065604235,8112161946
69.161.69.103,SI,Ghana,West Delbertbury,-59.88172716227898,155.8105717570595,3994442535
68.230.152.105,MD,Madagascar,Kozeyville,-5.307697600871819,68.78620813053135,1727153944
5.189.138.215,VN,Saint Lucia,Haagfurt,-41.02843030281738,-49.61046472314564,4193701331
140.2.71.152,EH,Turks and Caicos Islands,West Damion,4.590901047063312,153.47422621751787,8560619840
186.239.253.154,IO,Russian Federation,Leonardport,-29.255085884456555,1.9222367906894533,8161302154
217.121.148.207,BB,Kuwait,Kreigerberg,-19.45882757428788,-1.2659100104943661,5852993967
175.98.242.118,NE,Malaysia,New Willardton,67.65825013156828,-109.64777795793384,1144000058
5.2.91.149,BO,Benin,East Imachester,49.95802613597945,-74.4534481773983,5188724702
171.119.94.194,NG,Saint Vincent and the Grenadines,North Virgiechester,52.73300239440462,-6.013014301233255,1435548020
218.176.75.204,BO,Cook Islands,Jackelinetown,-66.3927524178915,99.18935379059582,6465099333
46.65.237.168,BI,Malta,Port Kareemchester,-76.24024534969462,64.82542573640566,3525682477
205.65.200.131,RO,Venezuela,Patriciashire,-26.90260823940882,-91.66113177357174,9795416379
174.39.186.155,FO,Singapore,South Rebeccamouth,8.952790656932919,9.034281090353431,3514706252
111.22.145.7,SC,Mauritania,West Laverne,87.20418392955489,-55.68484756432849,1089628167
25.26.20.240,,,,0,0,6952988492
38.63.184.131,UZ,Swaziland,East Reneshire,-25.72552022192832,89.07575405555963,6773341149
169.218.181.152,GW,Iraq,Maximilliamouth,9.745992567020181,133.94069722215477,6033094452
128.40.146.96,MD,Italy,Breanaland,-42.55887795117521,-8.263363430115135,8179067796
72.29.206.185,HT,Tokelau,New Cathrine,72.8042856215219,32.33976969529013,9693586264
85.68.71.24,PA,Netherlands,New Alessiaview,-1.5710614893880432,174.57963021150817,3326541859
27.232.68.77,TN,Togo,Charleston,80.96986247838788,-89.65501585787327,5190125963
158.159.2.40,TV,Kyrgyz Republic,Beerburgh,-24.328709124315267,-75.30607995026851,4212253468
212.213.212.11,GT,France,Port Gailshire,35.623173305602506,47.163950869851476,4765302904
141.162.59.183,MU,Panama,South Thurmanview,,,0
124.203.184.155,KW,Morocco,North Robinfurt,-71.93383641572986,-20.72405020024715,5158669634
37.32.41.47,OM,Philippines,New Flaviomouth,-85.4045803115903,-31.32877661511131,7880977958
99.82.45.187,CK,Honduras,Rauton,-11.709738704144002,139.08049477191827,8714549225
35.162.197.87,VA,Yemen,East Malvina,,,0
160.131.94.12,JE,New Caledonia,Sanfordstad,10.920150219926299,139.76027022942986,9325733158
22.207.53.129,GE,Libyan Arab Jamahiriya,West Coltenmouth,40.55906004599231,-37.48053512036776,5686384384
213.167.15.242,SS,"Virgin Islands, U.S.",Rohanton,-41.88357354818607,-17.81469227005209,4541693290
42.109.19.56,CU,Iraq,Ilachester,-23.284632891440822,89.79266644620554,4702246250
201.212.55.237,BV,Guyana,Stiedemannport,60.86496291232757,-146.60633947476134,4491928122
207.29.227.195,IN,Cocos (Keeling) Islands,Garnetmouth,-57.92649291595166,73.51851511383632,8573250139
,UY,Slovakia (Slovak Republic),,35.78876700935845,146.17670958102377,0
107.231.14.141,MT,Botswana,Berniestad,-40.79439708865674,172.982423444936,5659247890
124.38.10.31,LS,Armenia,North Jedidiahmouth,18.176069968650864,101.19036980019001,9543113415
152.117.197.233,GT,Greece,East Buster,-69.55141198223217,-1.0980532508897909,8692342282
21.130.112.103,PN,Christmas Island,North Lenna,24.734920093482145,-176.2788574308966,3884816218
29.143.159.62,GD,Estonia,New Emmanuelleside,35.13693485614266,-87.80298973894935,2839727876
17.186.70.191,PR,Iraq,Lake Abbiestad,-75.31253316172229,123.24785990669272,4396099262
57.148.135.117,AZ,Iran,Krystalport,,,0
113.69.151.231,SR,Cameroon,North Danefurt,,,0
165.21.156.250,SD,Armenia,West Antoinette,-41.85659863867354,-53.39774559155451,9789850415
125.254.33.8,AM,Peru,Medhurstport,0.0018574957767754086,-50.58191606589193,6806548548
219.139.169.134,,,,0,0,5480265031
49.171.231.176,QA,British Indian Ocean Territory (Chagos Archipelago),Lake Sistershire,-66.26681130399436,-21.276008824722055,3208092708
148.140.145.44,NL,Palestinian Territory,Armandoborough,-13.896975043626469,23.645838765917944,6969661492
31.76.99.234,CO,Solomon Islands,Dorcaston,-11.951993563980949,179.4277771137152,4644693111
56.58.120.18,,,,0,0,1375848249
148.94.102.92,RS,Mauritania,Parisianville,-86.59040598093114,68.33094479897537,8159876068
73.66.28.127,GT,Guadeloupe,Lake Ephraimbury,,,0
85.68.71.24,PA,Netherlands,New Alessiaview,-1.5710614893880432,174.57963021150817,3326541859
72.118.12.57,NC,Monaco,North Wayne,11.945022232210547,-89.84556564824346,5152008349
79.144.63.195,EU,Mauritania,Jadaborough,latitude,longitude,0
86.129.234.223,FM,Croatia,Port Devenfort,-4.3180107389550955,23.99789286588353,4573759792
144.4.11.131,PK,Hungary,Gloverburgh,55.09726554968714,-20.284941726741692,6495941328
223.108.65.92,PM,Belize,Klockoberg,10.180004111144726,-42.36985815836553,5525685149
36.12.219.206,AI,Saint Lucia,Pfefferbury,-87.85881708398578,101.4112309457193,7748159685
13.218.60.22,NI,El Salvador,Lake Armand,-19.68827551075084,58.25444787540374,6335844810
216.30.106.178,GE,Guyana,East Citlalli,-38.00034460240028,-88.79754663211924,8587364308
43.210.105.68,NL,Montenegro,Isabellahaven,30.389726815154205,69.12652246270014,4864904349
97.100.46.96,UA,Bulgaria,North Makenzieville,-58.029967933303936,16.33006572609355,9289573547
5.221.185.17,KE,Iceland,Port Dayana,-52.769889271526694,84.7733851789531,4300003721
24.110.92.47,MK,Albania,Port Jarenport,-81.58778631443525,-84.07150171516406,6327839247
17.3.140.239,PN,American Samoa,North Rod,26.898147394288827,6.362880291179835,9066701150
63.139.31.185,NO,Burundi,Kyleighstad,56.12412385946848,59.12504978762331,5051393867
64.206.49.254,BQ,Malta,Carolanneshire,1.846001829667074,-174.55422701553067,1037457511
3.108.145.41,DZ,South Africa,Kiehnberg,16.2020245402246,170.63416663160461,4123354007
169.65.162.121,KH,Finland,Keanuton,-10.16896472326799,102.66765339081661,9689548264
169.210.214.26,NU,Estonia,Kristoferton,86.69776789172138,60.16451366543069,4288020299
7.132.192.100,EU,Norway,Wittington,latitude,longitude,0
178.49.158.113,IO,Turkmenistan,West Else,-16.716606598906523,72.24944869671165,6806551479
114.19.65.13,FI,Tuvalu,Kodymouth,17.265508515096585,-98.56837727443475,4510341305
192.189.210.6,ST,Uzbekistan,North Ettiebury,-37.51539639376012,55.056611793761874,6782183236
36.83.195.172,ZM,Ireland,Lake Nichole,-42.40684490397056,169.91337132246196,4976137150
200.22.66.16,BO,Liberia,Kundeberg,-11.047178861895844,-131.6586355837678,9834816121
164.215.163.133,DE,Swaziland,Adamberg,41.25385599670457,-18.48933309817326,8445516681
47.113.228.250,KG,Montserrat,Port Celestine,45.86041501625121,178.82416812934952,8174871382
209.132.56.129,PG,Nepal,Stromanfort,2.0633333483590803,-142.60882706900009,7839700554
200.123.208.115,,,,0,0,6445176170
90.137.132.48,TF,Marshall Islands,New Zack,-61.177000969882954,-3.0288824601705073,1900226125
40.215.200.250,MV,Guinea,Port Pattieburgh,-46.45141986125384,-56.415454122503164,8719023894
215.14.179.39,AW,Guatemala,East Alexis,-44.49493698832621,155.74139871488188,6484861286
205.195.146.180,HN,Gambia,Corineborough,-2.1830834969366606,-86.91769865405064,1572205722
207.178.204.6,SN,Sao Tome and Principe,Terryview,-76.9220262252864,-53.94186920376674,4631788066
102.47.7.242,SA,Marshall Islands,Macejkovicborough,-78.43106260285191,108.75542202146181,9582333589
29.30.25.244,TV,Lithuania,Brittanyshire,-59.589724604486584,-42.4469738566861,4740224460
50.25.38.117,PH,France,Port Abigayle,-25.40639680762905,161.90846300090914,8727614301
70.224.47.45,GP,"Virgin Islands, U.S.",Ledahaven,43.89589086152992,12.190011774910175,1890891105
28.231.25.70,PL,Palau,New Coraborough,44.392362832037605,-168.04768589018911,6052102158
48.59.2.134,EC,Japan,New Jedediahview,18.364151835231254,10.750127336533154,3602219792
133.252.77.181,SZ,Dominica,Lake Newtonview,-61.208658972647,96.49838598000503,6357790841
157.44.12.158,DJ,Cambodia,East Michael,-51.34919189640242,146.45009249263353,1056013129
81.13.193.99,CW,Madagascar,Hoegerburgh,-74.44294469277106,19.69165396922935,8591598043
109.87.8.2,MK,Fiji,Wendellfurt,18.612020176162687,4.075416945038683,5216913627
115.184.202.94,,,,0,0,1374479138
85.68.71.24,PA,Netherlands,New Alessiaview,-1.5710614893880432,174.57963021150817,3326541859
97.154.239.80,CW,Grenada,Caleighchester,-63.749346607413756,58.45804585742846,2045898458
216.100.124.49,CD,Guyana,New Hollie,63.16271597570753,29.016463876626858,1463350843
149.221.169.29,VE,Philippines,Kautzerport,-8.445923283963594,-46.59243691381289,9632523611
115.56.153.23,FK,Burkina Faso,Boyerland,82.01535928654982,-145.30017261422444,5208989738
85.68.71.24,PA,Netherlands,New Alessiaview,-1.5710614893880432,174.57963021150817,3326541859
79.4.120.123,MS,Kazakhstan,South Cheyannestad,-27.119456241319526,-128.80315844242165,2584811811
85.68.71.24,PA,Netherlands,New Alessiaview,-1.5710614893880432,174.57963021150817,3326541859
176.186.215.80,ZA,Chad,Mathildeton,-45.727256386252556,-30.497008561381392,1134967552
18.220.36.107,NE,Congo,New Doyle,-59.92079292128781,-139.80902576850968,9437358251
219.132.147.173,RU,Kuwait,Lowellshire,67.66693575783691,13.438386619745927,6069196316
167.178.6.92,GL,Turkmenistan,New Jarrodfort,59.916589096853784,179.10324795068914,1172600275
78.3.71.36,AT,Argentina,Robertberg,29.604992674459183,-171.30247014569315,4939765155
124.236.195.175,,,,0,0,8312975655
126.147.246.128,VN,Saint Martin,Bonitastad,15.680775583628744,170.27297974141754,6091353401
48.171.213.36,KY,Montserrat,Idellburgh,-74.71053275250554,78.8507484168702,9271356811
170.192.135.89,YE,Saint Kitts and Nevis,Zboncakborough,-52.63987120840572,-48.58730051097882,7373970626
44.171.60.133,MY,Cocos (Keeling) Islands,West Janisport,48.314723081610026,-135.96581000994104,3553035459
58.232.254.254,PN,Turks and Caicos Islands,North Audiestad,-57.684187454298566,-173.843036810524,2006305291
169.68.91.111,GB,Isle of Man,Kyrastad,42.05749015044967,13.42206261362,9954231014
15.111.176.229,DM,Guatemala,Beahanview,72.39833423641994,170.78323693243243,3251734671
130.182.79.67,42,Russian Federation,O'Reillyburgh,31.576768818260675,72.94543846471947,0
66.198.29.250,BB,Cyprus,West Mayeton,0.4550873079429749,-97.12425521835029,9429514341
98.116.8.227,LI,Albania,South Quinten,55.90019870784096,-4.690778298216259,1810023368
28.113.75.66,PG,Nicaragua,Prestonside,-34.569675725698225,97.74754602554111,1916337706
38.79.129.84,MP,Solomon Islands,Barneyland,-68.6341748430281,123.63168754318792,5519062429
62.170.175.35,VN,Antigua and Barbuda,West Emmanuelberg,-14.511304361267506,23.800520127386648,3841002478
31.172.121.223,FM,Turkey,South Daisha,-14.751066607528372,93.34679385459276,4813266116
43.34.112.136,NU,Tajikistan,North Karley,-77.52520948626257,82.63832863714754,5399541920
85.68.71.24,PA,Netherlands,New Alessiaview,-1.5710614893880432,174.57963021150817,3326541859
79.211.16.95,GI,Lao People's Democratic Republic,East Wyatt,29.927850048836888,-63.887616717234266,7133165893
172.239.244.75,VC,French Southern Territories,Goldashire,65.62380288019821,-99.98551358786247,5480085184
85.68.71.24,PA,Netherlands,New Alessiaview,-1.5710614893880432,174.57963021150817,3326541859
109.68.43.7,CN,Aruba,Michelleshire,-47.144241849146546,-46.89953927930094,2201530312
151.30.8.207,VU,Serbia,Lake Audrey,20.234842219881102,109.89070048772237,1422533972
63.204.30.105,IO,Lao People's Democratic Republic,Goyettetown,64.1634640766319,-37.571025674209125,6993469499
86.188.126.120,BV,Tokelau,East Cleoshire,27.978625380715783,131.14054665521377,5778461388
94.118.184.6,UY,Barbados,Port Oral,-50.58040567581924,20.501418565065933,7885531215
98.29.70.34,NE,Costa Rica,New Ezekielfurt,-0.6901428635247129,-117.20659805621924,5140365825
152.154.61.232,SE,Guam,Port Antoinette,-9.272528640307456,124.3428085918543,2825214473
35.120.82.157,NU,Rwanda,South Yasmeenberg,53.340790396432794,-153.0275083879983,4892453046
105.55.230.107,BZ,Libyan Arab Jamahiriya,South Retta,28.83169407623282,-159.63549164334097,4105779025
193.48.116.212,42,Qatar,Dewittmouth,-62.24430650145981,83.4326863713593,0
36.141.227.77,ME,Somalia,New Tamara,-47.032600595050795,143.14325757470556,2533502128
21.199.184.89,AG,Faroe Islands,Billieborough,-17.394215930130585,-162.80453845393617,2388761602
151.246.6.110,MS,Saudi Arabia,West Rosaliastad,-34.09598818437813,149.26050749825072,3109645759
195.52.79.80,BJ,Djibouti,Annamaestad,0.9820240406279055,-94.69879394189691,6325258352
22.166.74.230,42,Iran,Kozeymouth,-79.97324459435065,-122.7175362049449,0
102.192.47.234,GN,Montserrat,Nicolasburgh,-42.91242679453133,4.110784742860972,9140891212
195.113.58.68,,,,0,0,5497006975
181.76.232.138,NO,Netherlands Antilles,West Tylermouth,-19.736142063276645,-108.09366832898834,6260673620
142.67.69.106,KY,Wallis and Futuna,North Tiannaview,69.79074038523211,-102.41976964841547,9619210180
207.98.167.125,HU,Palau,South Arlofurt,,,0
62.97.189.15,LC,China,Grimesborough,52.02135151447027,-0.9335196594929016,4833640947
204.56.211.44,EU,Costa Rica,Lake Heather,latitude,longitude,0
167.165.142.242,PM,Belize,Brigittechester,47.708884182657386,13.131060398676908,6805232152
154.200.243.57,BT,Venezuela,South Larry,72.18614663209624,70.68616640185931,5917639071
38.195.70.209,SO,Armenia,Pricetown,-44.79341818732783,32.85496662544921,5351772324
27.61.134.219,AD,Tunisia,Lake Madisyn,47.712781800112396,64.0157389958392,4761505042
47.139.48.190,42,Montenegro,West Corashire,-24.096899448668267,67.91913331709588,0
184.155.244.19,YT,Belgium,Jacobsfurt,-34.36013406756915,-16.567453733267172,9521164430
184.89.72.197,SB,Estonia,North Norahaven,-6.598261116624201,-14.402050829025484,8570439105
198.49.222.5,EG,Palestinian Territory,Robelside,38.58162701292622,4.2413329938711115,5669322377
166.83.185.248,JE,Tunisia,Kautzerbury,,,0
66.123.15.9,RU,Reunion,East Peteborough,49.633842000171654,-143.27776672041787,9848243708
151.156.115.168,,,,0,0,6193190209
205.208.42.148,GM,Bhutan,Grimeston,75.81097974241916,-152.61636470999406,2417257073
158.20.143.10,AZ,Iraq,Reynoldston,-42.80319360827823,95.27907813588291,9528516862
23.170.47.50,GW,Christmas Island,New Andreaneland,11.72557119826432,15.995355892794635,2343274416
43.9.207.118,ET,Zambia,South Forrest,-71.19541895023441,-137.69236899445076,1884746341
97.40.143.239,SK,Namibia,Port Arvelton,64.29377910266285,-14.755000790813511,2509327306
84.251.199.81,LU,Saudi Arabia,Rossieborough,-49.41907054741432,-78.70290609693933,2702273810
58.34.11.103,HT,Zimbabwe,North Mohamed,77.9911827533108,147.23410409448582,4933345602
176.132.172.10,BM,Liechtenstein,Madelineton,-68.96671728590982,73.95419243722827,3969555805
32.121.133.56,CW,Azerbaijan,Anaisshire,77.43441147545883,42.69763142115002,1346930213
43.30.87.82,BM,Portugal,New Kenyatta,-50.75738425105486,-174.06558441833994,3148169676
149.60.131.133,US,Hungary,East Nettie,23.91494915855462,-152.1905505592652,8904264565
159.221.52.43,MM,Democratic People's Republic of Korea,Port Emeraldville,-69.53776388767264,161.85984433295192,2145141536
107.244.221.207,SO,Morocco,West Ruthie,-72.39366941658074,-154.2917433731156,6443176249
217.161.239.54,BS,United Kingdom,Port Ethan,72.44791983629656,-101.39822474788826,9586649381
16.227.14.106,BF,Marshall Islands,Lake Vilma,-3.5276261032690996,-83.03819783010205,1614460916
90.147.106.212,SG,Niue,North Jamirland,-53.57278685625813,73.42983105354978,8465229198
114.167.165.216,ST,Kuwait,Emiliofort,-18.098959589803442,12.691057600367486,7427987058
163.56.235.121,SS,French Polynesia,VonRuedenbury,-40.33746234712835,107.67183188993442,4467131158
116.98.109.247,AQ,Slovakia (Slovak Republic),West Jayson,85.35326731446136,62.16018409305218,1156270082
163.78.82.92,ER,Malawi,South Amaliahaven,-32.533804679198155,-3.599565443046231,9428241218
175.20.40.58,CI,Saint Vincent and the Grenadines,Wallacechester,21.582404358994324,3.028370282897953,5085344635
62.240.14.44,LK,Serbia,Lake Jaydonchester,7.230678220496529,58.35574650379883,3408317286
174.173.2.79,TG,Brunei Darussalam,Lake Paulaton,68.13776406210664,27.064321888732508,4165792705
128.100.14.216,MD,Djibouti,West Deltamouth,80.92628875243136,-178.04153209795814,7186809990
203.168.44.9,SK,Iran,Savanahport,-8.562207177923995,-97.33123708081293,4215287142
59.8.210.107,,,,0,0,3696877626
7.181.140.111,FM,Cook Islands,Port Ianmouth,57.32215808927202,-35.623968716824265,6432527877
not your IP address,CK,Palau,South Devan,-38.06161078732674,-149.4775711250023,1793798056
84.115.87.52,HN,Saudi Arabia,Weimannport,-41.29737874179727,-28.428340337258163,6353007805
168.244.82.130,CL,Uzbekistan,Lake Rebekachester,-79.31816643582295,-45.53170426302904,6959093796
170.82.218.198,ES,Saudi Arabia,South Zackery,-24.031683586362092,-75.94368731829495,1993902943
25.54.63.163,MD,Iran,Gradyborough,-21.326388975621413,176.6834672653169,6718278541
156.241.205.64,,,,0,0,2555146935
39.164.142.217,CU,Guinea-Bissau,Howardburgh,-35.49000153328223,-88.30108828891692,3585724978
153.25.67.127,AU,Gibraltar,East Hector,38.48118880147814,-43.448800107436455,2785801805
85.68.71.24,PA,Netherlands,New Alessiaview,-1.5710614893880432,174.57963021150817,3326541859
86.42.13.108,,,,0,0,5176732524
95.156.151.5,GP,United Arab Emirates,North Jo,-35.05194760012859,94.12818372372544,2067140088
202.49.212.72,KM,Papua New Guinea,Kerluketon,-79.10721109054555,-80.76666109368226,2009617752
58.159.197.172,JE,Maldives,Andrewshire,-0.23227273988575803,41.504618287248746,9517338998
147.138.22.228,VI,Brunei Darussalam,Walterside,-3.977636502063177,31.929916730718958,6875989970
181.246.11.124,AQ,Congo,Cortezville,89.24476584884451,106.05748316769518,2437921504
35.94.138.136,NF,Faroe Islands,West Dedricton,51.616835206811345,18.308529148380956,9734334708
200.27.104.123,SV,Bosnia and Herzegovina,Port Jadenport,54.390931965764395,70.66969893608078,7174576607
187.121.236.230,TJ,Kuwait,North Dewayne,-79.10690721072164,-40.524611249284476,1408865254
118.27.43.71,ID,Ghana,Port Natalieshire,59.93370429755288,-53.17980334396478,1496207947
191.233.190.201,BZ,Guyana,Lemketown,-27.025752485329498,-167.16654829153958,4444208023
23.247.153.134,SV,Syrian Arab Republic,Gayhaven,-6.044483993546606,-158.21879624090153,2620136965
174.238.97.32,OM,Seychelles,North Marisol,89.09766762721699,175.95991624201469,4523607826
102.240.238.25,SJ,Tunisia,West Magdalena,67.15617216436621,47.11400422405421,1362571247
113.158.233.178,BN,Madagascar,Bobbystad,-9.582988391959319,-146.20559610799614,6333243338
110.41.243.39,GP,Cayman Islands,North Jarred,23.287015569266714,-171.516699091136,8659323592
135.52.13.162,PY,Madagascar,Samhaven,81.33998341707326,-130.62303523439235,3029609682
85.68.71.24,PA,Netherlands,New Alessiaview,-1.5710614893880432,174.57963021150817,3326541859
22.3.171.108,FM,Belarus,Keelingstad,77.03003355540616,-4.334700461811536,6738465633
68.95.240.243,CV,Nigeria,Lake Libby,26.543734249136833,108.935820704913,3742742494
73.150.51.77,EU,Tanzania,Hackettmouth,latitude,longitude,0
78.121.225.97,FO,Isle of Man,South Alysson,6.445705720481129,-139.91006793205088,7084344364
157.73.103.195,SX,Lao People's Democratic Republic,Port Dina,31.6895593324995,-173.58751354180177,8293793037
4.37.69.129,SM,Turkey,Darrenshire,-60.1065314543155,-66.52013524516684,1646399157
118.249.156.115,CF,United States of America,North Maudefort,74.2026199558147,156.3937075074927,3672113324
83.138.54.103,SB,Dominica,Zoiebury,-23.933724583300034,-75.17546418700779,4838884071
172.93.4.158,LC,British Indian Ocean Territory (Chagos Archipelago),Rileyburgh,25.872458902148765,162.86974499998172,7824750275
116.77.70.195,CO,Andorra,Gusikowskifort,-25.610689670936367,111.40463861573227,5061639891
141.168.197.13,CZ,Liberia,Streichburgh,-82.04651397381463,-52.71463172661447,8284009470
180.28.150.38,SO,Christmas Island,North Elouise,31.685581010503284,86.2149941750481,9928249084
157.157.126.52,GU,Zimbabwe,Manteview,,,0
9.115.6.23,US,Singapore,Wisozkmouth,-84.44816670635095,59.46298084378492,9540967531
5.49.142.216,DE,South Georgia and the South Sandwich Islands,Smithamville,-55.9065067171558,-91.7355759702665,5147404428
186.134.84.52,MF,Christmas Island,Nathenhaven,9.876421124179586,-47.71038949619307,7371352787
50.123.51.235,KY,Antarctica (the territory South of 60 deg S),South Juvenalburgh,65.6811726280036,166.9581851771423,6528555733
148.154.89.217,DZ,Togo,Vivianeshire,20.096153149651386,-4.6604811061456815,8219709684
183.184.186.159,AD,Pitcairn Islands,Lake Alessandra,-12.80111396160261,91.56520940615519,9071078866
186.203.170.64,ZA,Jersey,North Leanne,-32.445574934373994,92.46443142156062,9807027747
66.96.115.25,KE,Libyan Arab Jamahiriya,Kerlukeside,43.159645301691256,17.146280713635633,8826240020
91.36.45.72,CZ,Holy See (Vatican City State),North Dorthyhaven,-17.419968716118902,34.28290554739576,3075366763
137.94.88.152,FR,Serbia,Litteltown,27.071775105001137,-115.53037241006874,1290197159
39.144.111.157,DE,Cook Islands,Kshlerinland,28.914349870568685,-67.25475967819793,3611340908
161.132.87.36,KW,Kiribati,Lake Zachariah,-31.390941588860827,-28.559608959240194,7708307075
154.100.156.4,LR,Bosnia and Herzegovina,New Loyville,34.94574014747734,60.18370983313514,9129120680
210.82.98.52,CA,Fiji,Enricoside,21.446574859091655,1.469871145475821,3136789991
4.207.98.238,EU,Norway,New Ebony,latitude,longitude,0
37.94.89.208,KP,Croatia,Lake Lennie,-1.859999410541647,-107.14030294092032,8739778878
46.252.167.123,GT,Colombia,Botsfordborough,57.68443038039402,125.19113682497118,3919353694
213.31.103.111,RO,Liberia,Rolandoburgh,22.274839048322136,-166.31853375545256,8068883159
131.226.134.123,KZ,Mauritania,Amaraport,-36.504363245499896,158.6909115400835,9446743545
202.7.215.45,ET,Guam,West Alvera,19.602638801813526,-119.24924222147158,1566716685
136.183.29.199,TD,Czech Republic,Medhurstburgh,-30.8981876803065,-161.56873012104063,6278391633
84.208.135.5,CM,Oman,Lake Jazmyn,-34.485996559591506,10.096553427270095,4456075582
215.206.86.10,SE,United States of America,West Pollyton,-35.241946953190556,-67.79787895712039,4943848949
66.17.173.148,AR,Norway,Littelfurt,82.67278266224281,-93.33056631207614,6768576948
125.163.202.155,GD,Panama,East Hannahfurt,-62.575882908744305,-150.49702419714734,5719320537
163.12.66.136,CW,American Samoa,East Tryciaview,-22.490144093831262,11.13807570440369,3254142461
170.245.39.98,GD,Ethiopia,Zenaside,42.30168575041378,-48.10519260315775,4809206079
193.246.232.5,MQ,Grenada,West Brycenstad,-1.0566663235623963,-22.220807317411698,8325669599
122.50.70.116,EU,Czech Republic,Orenfurt,latitude,longitude,0
27.64.133.16,GE,Benin,Kareemton,57.01326886974485,-167.3748778223921,3829427155
146.181.235.27,MM,Martinique,West Florencio,-24.265429526465923,80.52530343799663,5472212045
147.106.101.128,BH,Serbia,Hendersonstad,-22.204903510416784,168.43209689415943,4187911735
25.42.86.201,SB,Eritrea,New Ada,30.05508818584562,34.85781153712804,6705228559
,FR,Ireland,,-14.5264020637498,-0.5099456588415308,0
,ER,Solomon Islands,,-4.390280435450208,-133.7444444633362,0
137.93.74.212,MA,Saudi Arabia,Kreigerhaven,-63.15587230528881,-58.68003675048075,4048460421
222.33.126.236,YT,Madagascar,East Caylaton,19.14001537666563,-134.14016527647036,4623263550
91.62.82.207,BO,Saudi Arabia,North Hazle,-10.296761258934538,-85.39889612178392,3172707907
154.13.234.3,GL,Belarus,West Meghan,-71.91258328076708,-176.7694324647009,5466914036
113.192.107.61,MP,Mexico,Kennedimouth,66.59345226430827,88.6331023538678,2826863134
72.243.66.83,CR,Montserrat,Hudsonside,-68.78379140092673,7.44063108271007,3236655059
43.103.4.21,,,,0,0,6416462723
184.248.114.186,BR,Greenland,New Samara,24.859913126500956,-25.477373759537528,2496623690
177.205.20.93,GF,Bulgaria,Kunzemouth,5.928546972063984,88.3521101447567,7992255941
85.68.71.24,PA,Netherlands,New Alessiaview,-1.5710614893880432,174.57963021150817,3326541859
not your IP address,PS,Liberia,North Judge,-3.257160096439023,-135.42733917435163,8202598357
29.52.172.124,VG,Liberia,East Buck,-12.549225757424594,7.363531980907197,7971473452
46.185.91.4,BT,Bosnia and Herzegovina,McKenzieshire,-26.527632555124782,155.89405611334263,6398911804
87.33.220.36,RW,Pakistan,Vidalmouth,-57.7099584532622,-119.44774866703435,3363743091
152.180.142.136,SA,American Samoa,North Easter,-49.373626704891734,132.68789565440505,2984836376
25.122.230.116,RE,Zambia,New Fern,36.20582846723005,-55.541853298945455,8785511750
6.190.212.127,MG,Greenland,Schmidtview,-19.09557388326715,-151.46452796290134,4914296630
9.22.111.231,TG,Jordan,West Mateo,-26.335876538278427,52.76706283298026,6902536502
80.112.212.234,BR,Hungary,New Connerton,-82.21299760577391,75.91824731323757,2172314475
148.140.234.184,BY,Antarctica (the territory South of 60 deg S),Nolanport,-55.93502518966483,35.177919395797204,6787111093
216.92.251.250,LR,Solomon Islands,Jenifermouth,-15.827167913652232,-90.89387266349077,5495964694
44.68.207.167,TJ,Pakistan,New Lavonneton,-5.862745382510951,48.27941017079607,5969950456
19.6.225.95,MT,Azerbaijan,New Lucas,10.754762248056565,137.95807716022898,7349575584
137.131.81.48,CZ,Albania,South Rebekah,-63.26658725406036,43.56494934067868,4914457223
105.134.202.213,AO,Haiti,Haileyborough,6.285458334282481,-146.5471987929885,4508936888
114.209.170.187,ER,Namibia,Cheyanneview,41.67879585184505,118.57452713573298,5077959316
220.12.208.80,AX,Kiribati,Lake Angelinashire,-66.44781353338712,160.89868320399046,8865468991
188.34.5.21,BT,Bhutan,Gaylechester,21.54989341657779,86.81871877214775,9526295284
60.214.67.79,ID,Dominican Republic,Zitaview,-1.7360346922002492,-151.0045875004973,2902866721
206.164.239.238,CA,Cayman Islands,East Orpha,33.03678951211303,119.72617523391966,9949874713
219.116.41.182,VE,Mauritius,Lake Bennetttown,-65.55339016336262,-97.75321342346594,4891985388
164.248.100.209,NO,Indonesia,Breitenbergport,6.930846827018499,-39.52787521919129,3988927366
151.84.237.113,YE,Saint Lucia,Keeblerview,70.62493066896121,137.21759145296932,1289585199
84.60.250.99,LY,Samoa,Nettieberg,52.3260974250945,162.98683615392656,9921990269
31.9.53.62,MU,Iraq,Lake Lurline,-73.85299778674643,21.915263016944238,2984488483
220.111.249.32,BT,Pitcairn Islands,Walterport,-37.922669138581476,14.783882531902606,2914824002
168.34.240.220,SE,Bulgaria,North Theron,-41.21551856631511,32.31819074070859,5965358063
86.161.14.146,IL,Philippines,Jaquelinchester,-65.88755939359228,77.65003929197388,4805937932
30.230.186.177,EH,French Southern Territories,Maevefurt,-85.84867897980332,163.07461720615123,1714670713
100.225.87.136,LB,Belize,Erdmanmouth,-3.831366804406784,113.49900372813221,3959668667
78.175.159.248,JO,Northern Mariana Islands,Carolynechester,61.82897175487645,-42.277992225994325,2812884311
46.34.46.107,DK,Canada,Wolfmouth,55.61455376287074,147.00974578837184,7743162810
,NL,Tunisia,,-0.19322066275668703,87.39251216496257,0
160.187.209.201,DK,Lesotho,Kristophermouth,-59.07759579539817,-24.55747391077452,4895047981
195.62.253.23,PH,Timor-Leste,Jamaalburgh,-46.55905766881816,169.09563107238523,3004585717
167.216.225.137,DO,Vietnam,South Stephaniaberg,-28.314150561641696,154.02125520467905,2845645736
188.114.210.201,EG,Togo,Port Andre,-84.68537364023463,105.22448749601875,3099888235
2.140.200.194,BR,New Zealand,North Trey,-16.087475101827394,-150.32485029847723,5245594008
126.243.115.52,BT,Antarctica (the territory South of 60 deg S),West Cristinaburgh,83.67874850919878,74.69848386259591,7407084148
136.140.47.81,MT,Russian Federation,West Stephania,38.357241732275895,72.145880896857,7047683112
145.5.179.40,JE,Tanzania,West Bessiehaven,70.31980372415512,-98.88115901934331,4427808350
58.169.72.198,HK,Guinea,Leschville,-80.01061727573214,-19.82930414203338,3300382290
62.193.177.251,CI,Wallis and Futuna,Port Bonita,-62.509021296595165,-31.341368129576296,1447758853
111.71.130.137,WS,Guinea,East Tevin,16.887311809479954,49.4150843236543,7470413093
91.101.128.151,LB,Turks and Caicos Islands,Kaelynstad,71.25851834204775,-36.46079183132392,6059607196
159.142.38.183,BE,Pakistan,Port Margarettberg,-39.3029001372985,-63.01621954856412,9318244551
50.237.153.115,SI,Bolivia,West Trentbury,47.6623348530228,-155.40970352899348,5167755622
103.13.37.105,42,Congo,West Lucius,88.23986623053065,19.948848365647677,0
16.36.115.18,VE,Guinea,Rennershire,-79.97251098959106,-41.54098797304664,2107734618
38.153.57.150,GG,Sweden,North Dylanberg,,,0
121.104.106.66,MU,Hong Kong,South Shaylee,-27.57302323083362,-132.52423293972328,4924700928
188.31.71.148,MU,Singapore,North Jackson,-45.944547903799,-66.75124972342554,3086632781
155.164.78.208,BR,Iraq,North Adolfo,62.817638852245636,109.43104048579022,4354882843
111.42.91.224,IE,Greece,Fabianton,-81.95623610099514,-6.538287004457459,9341674869
70.152.128.140,VG,San Marino,East Emelie,83.91987699335508,74.3885302405927,6303584777
27.8.86.49,GR,Japan,Port Electa,-54.06746070377514,60.56631501336736,4673004980
82.80.176.211,BZ,Saint Lucia,North Desmondview,31.904080042633552,89.0180805344109,3782773260
85.68.71.24,PA,Netherlands,New Alessiaview,-1.5710614893880432,174.57963021150817,3326541859
142.33.215.69,PM,Indonesia,Hayesshire,73.98675173668246,-68.61073176859668,9101356110
22.124.139.28,EH,Slovenia,Port Marcia,-89.07495641346144,-154.36606897789713,6038524201
174.23.69.25,LC,Syrian Arab Republic,East Skylar,10.741095541839101,58.31153638031063,2622757361
140.122.66.70,DZ,Haiti,New Shane,35.797830104627536,174.5053213489905,8960643345
143.161.185.58,NZ,Lebanon,South Stephany,52.61351004509484,-21.20143865520609,4926854490
117.223.21.176,MZ,Maldives,South Karlee,-6.4563581792114775,26.49158612018053,8534705899
220.158.168.249,LC,Angola,Mitchellport,46.92542546439907,-155.73947260064284,9413752489
61.121.149.32,SJ,Malawi,Boganborough,-12.13632771648814,125.50068323207756,6325951168
14.223.92.180,PT,Estonia,Lake Jaquan,-52.023285546532726,112.59082527329747,9511571058
140.110.190.113,AU,Benin,North Carlimouth,-13.064282588866305,127.29649794320892,8823174647
5.114.55.90,NR,Iran,Starkburgh,35.75997890750233,-158.1809724600834,3014769521
83.105.77.15,MR,Romania,Lake Karamouth,76.66309667418588,-2.4945211509897547,6673119172
82.179.150.181,LT,Heard Island and McDonald Islands,Schummland,54.72852569439215,4.211449582584663,3466680530
30.40.140.163,DE,Angola,Elenorfort,58.87274404164447,155.41179165791357,4437430478
25.31.78.202,CK,Somalia,Hoppeville,22.15315803662925,-104.42163941663183,4810418579
201.237.81.125,NL,Montserrat,North Ruth,31.592680488772388,-64.8317774395299,6874795840
139.52.249.181,HU,Guatemala,Lockmanfort,64.00579861758186,100.5217560392025,1202313209
95.66.88.189,NI,Isle of Man,North Anselhaven,21.633087047548372,-46.674790867710925,5386191310
139.254.29.54,AW,Guam,East Jammie,-7.61988438085136,-113.36495863404534,4255198582
142.183.175.93,US,Sweden,South Elmira,2.9359324667186826,-125.90039791541939,1177358053
103.58.218.81,HU,Saint Pierre and Miquelon,West Dayana,70.4716569525919,11.7088469196853,9798460749
,TD,Morocco,,12.723493578690338,-119.47823783191919,0
85.68.71.24,PA,Netherlands,New Alessiaview,-1.5710614893880432,174.57963021150817,3326541859
121.145.206.180,PR,Sao Tome and Principe,West Veronica,19.840092011906094,84.75720368926096,1627787832
85.68.71.24,PA,Netherlands,New Alessiaview,-1.5710614893880432,174.57963021150817,3326541859
72.79.71.166,CW,Serbia,Janickside,58.36211446902266,164.94797736108285,6065117232
65.209.224.143,IL,Maldives,Arielleport,77.65061313086758,-4.218592519872146,1242388550
97.40.23.177,MU,Italy,East Lisandroshire,-21.335411400938682,154.3283539089225,2148419162
117.156.112.120,42,Dominican Republic,East Drewmouth,-15.81809562767097,-27.169288056266083,0
112.241.31.169,MM,Malta,Fadelshire,-25.040097375252017,109.61197720769252,9425995366
78.155.163.57,LV,Timor-Leste,Lake Urieltown,-8.190747259175978,52.60382165023702,4753555795
166.146.54.193,TL,Reunion,East Lynn,63.19189001308831,3.9726322302563233,5367330608
125.125.192.98,GL,Uruguay,Lake Jaynemouth,16.77493796510329,-135.4265920179142,2629925715
72.39.50.36,TZ,Ethiopia,Port Virgilhaven,-75.77041207098159,-43.58702842372787,2299076533
94.203.136.57,VI,Singapore,North Nameburgh,-48.76528795892935,-75.74369527079314,9730565126
20.117.129.253,IM,Saint Lucia,Yasminemouth,-18.81967730534599,173.55196746537518,4808434835
177.140.85.243,HN,Palau,Littelfort,-9.051249844607923,-5.070818735377458,4913278164
112.165.244.192,SB,Niue,East Hiramburgh,2.1184894130104652,174.71598715817362,1920252139
117.168.81.212,BD,Eritrea,Ubaldoborough,-54.32221673795326,92.7465603156648,6163985555
109.120.94.103,UY,Reunion,Bednarberg,-29.270742117466547,-12.703223345778525,4075331123
92.86.44.228,SX,Malaysia,North Watson,-67.62273445337613,-137.95594355158585,8172405646
169.191.151.247,AO,Guam,Herzogstad,37.38149233073281,-168.76403361689935,6176803985
202.249.115.173,AL,Myanmar,Juvenalville,-86.8496488971964,-38.347267252115245,1548533599
75.166.252.224,MA,Norfolk Island,Port Jonas,-58.008255591758285,25.179643298792485,5520977393
54.252.190.145,42,Puerto Rico,Graycebury,77.31933033130923,-94.97084538300267,0
64.185.103.101,BM,Vanuatu,North Georgefort,,,0
185.13.95.83,IL,Guadeloupe,New Nikofort,50.38925176666942,23.053270282828493,1173659268
49.16.179.128,RS,French Guiana,Tiannamouth,60.38702567249888,37.50502929616715,8259204017
80.132.174.190,MP,Bahamas,Quigleymouth,-63.1822462917593,-15.869477559231456,5355713332
80.79.82.111,AW,Barbados,North Caraborough,-71.93925908001196,149.9413038157271,5889528839
85.68.71.24,PA,Netherlands,New Alessiaview,-1.5710614893880432,174.57963021150817,3326541859
24.143.20.3,MM,Uganda,West Percyfort,66.42425618131847,-154.4229630830178,9463668812
139.155.162.66,TM,Philippines,Shieldsport,67.16429704573895,174.3824933954648,4520976650
26.214.113.131,PH,Liberia,Kelliemouth,-61.298483162775426,-123.44627467030955,8864525628
192.183.125.244,CZ,"Virgin Islands, U.S.",New Graceborough,,,0
85.68.71.24,PA,Netherlands,New Alessiaview,-1.5710614893880432,174.57963021150817,3326541859
199.206.17.212,DE,Cote d'Ivoire,South Brennatown,-2.515048351985101,-114.40982910070845,1626616045
142.49.118.35,IE,Nicaragua,East Kendrick,50.74494943537198,-158.15057162388604,5824469089
70.39.184.49,SS,Argentina,New Deetown,-48.40772850473545,-57.90268668076672,8560556532
218.160.144.98,AG,Aruba,Starkshire,62.06172388525812,89.86297148137834,2420915445
39.132.25.89,PE,Turks and Caicos Islands,Gabrielfurt,20.070536287356845,102.6086413967592,8003451599
140.168.119.83,CK,Saudi Arabia,Kerlukemouth,26.415993259267736,174.56535587568254,5309690162
149.27.37.231,GF,Nigeria,South Brandt,-82.47591187396112,-56.179385077298264,4574611053
31.173.77.101,SM,Nicaragua,Mullerberg,1.0813333225520267,-110.42149670755178,1515707980
91.200.9.91,CO,Azerbaijan,Veldafort,66.86549617782791,-34.01984964038246,7122416086
84.228.146.182,PM,United States of America,South Dallasburgh,-24.699869835667812,118.39105134532008,1281813835
187.168.106.245,PM,Macedonia,Amosberg,57.552271182478904,153.29446935628505,6561101260
161.237.166.142,GH,Venezuela,East Casimerhaven,31.062313988376175,100.4066834557783,5567076753
145.159.53.219,GB,Brazil,West Simone,7.9220098110752275,-7.931580439592835,3845529091
20.57.101.79,MW,Zimbabwe,Imeldaville,9.146498957890657,48.4303998925036,6778201736
97.254.176.61,BJ,French Southern Territories,West Paul,78.51705096527766,-87.36545941146947,9966327414
106.20.101.163,NO,Chad,New Justine,31.916178878703818,134.596765706337,7011501642
78.125.115.205,AD,Bangladesh,Nadiafurt,,,0
195.81.248.93,JO,Azerbaijan,Coltenberg,84.31195154022183,67.50179783158089,9167013391
194.41.244.135,ZM,Sudan,Millsborough,-71.07973081615472,-151.06348040002263,9970119222
93.166.125.7,SG,Macao,South Jessemouth,-77.5846680331327,10.084883552828927,8217603637
49.66.160.16,,,,0,0,2095270791
175.136.63.31,SY,Montenegro,Strackeborough,78.50810708383361,-89.96421655733575,9841597790
36.176.79.61,UM,Peru,Lucyside,7.751561198602445,-159.4115763142696,7399509715
33.249.94.44,VI,Argentina,East Randallmouth,24.920512229494847,-63.07485314053548,2400227722
197.183.138.12,LI,Belarus,Lake Janisbury,3.46881952942924,76.2547732991892,7691920471
143.124.216.142,SD,Holy See (Vatican City State),Arnoldohaven,-32.40103564623332,137.73884135992324,9046551838
89.105.40.94,TT,Burkina Faso,West Meghan,-43.68117252151165,-62.23593169975926,7548521247
15.183.131.219,MQ,Liberia,Friesentown,77.40014739962947,119.10360749339105,9218740215
101.150.163.205,KI,Central African Republic,Port Queenieton,-59.5150326408541,74.17394160351984,4756612855
156.8.80.156,SR,French Polynesia,Lake Clotilde,-26.230899430565984,155.1105019075597,7824638862
192.107.244.153,TD,Guam,Dewayneland,-41.2246869289311,49.491778750293804,4254892746
156.222.59.24,LR,Rwanda,East Yasmeen,18.877903653332325,-130.23230778130818,5820056257
165.202.238.231,BG,Western Sahara,New Letha,-85.61258084289715,107.8789637414801,4786377850
153.217.224.187,MN,Bosnia and Herzegovina,South Aletha,54.7460537271879,131.39260472408017,5644949746
85.68.71.24,PA,Netherlands,New Alessiaview,-1.5710614893880432,174.57963021150817,3326541859
16.179.101.2,SS,Western Sahara,West Luna,3.812702950345127,117.37159743234304,4398186226
,TJ,Afghanistan,,69.69807683139786,75.00655224742155,0
163.170.71.22,SC,Chad,Veldaport,-62.75020253661509,123.56772228499943,6673501226
63.67.44.134,GW,Comoros,Donnellystad,16.920059450022194,49.398167214962626,7234223663
119.97.127.253,IM,Ukraine,Lake Clementinamouth,22.817424621511364,-15.904988305678444,8334879006
203.31.236.184,RS,Christmas Island,Norenebury,-12.373595892710242,107.0446257539192,6397937437
164.189.16.83,VU,Vanuatu,Yadirafurt,-63.213575954637015,94.42048540711346,7527223358
46.112.119.169,RO,Ethiopia,Port Davionside,-55.57974313217112,36.816974222914155,2700697008
106.234.76.90,LC,Venezuela,Brentview,46.50158739854402,-12.03926502578608,4142754582
85.68.71.24,PA,Netherlands,New Alessiaview,-1.5710614893880432,174.57963021150817,3326541859
not your IP address,CG,Saint Martin,Lake Willaberg,44.99990061871375,-94.69618123809587,6599499726
112.175.120.51,NG,Gibraltar,Mariochester,-59.009979013200194,-178.32457165718512,2137275713
19.169.11.118,LY,Antigua and Barbuda,Lake Daniellaport,65.63230187986716,-131.6806291675415,1489526571
52.197.99.139,ST,Cape Verde,Elishaport,74.82429450778369,-151.51972119379047,4418194639
195.49.20.238,BM,United States Minor Outlying Islands,North Margarett,27.994236451586787,-113.61796232917399,5390581882
67.149.53.135,DM,Slovakia (Slovak Republic),Nyasiafurt,-4.201978808901217,36.8185113545826,2959348641
183.71.45.60,GI,Niue,Lavernburgh,75.82546302311098,25.051094492259864,6202437068
22.124.253.91,TZ,Hungary,New Arjun,81.63541096180967,99.40892802887993,9710288268
79.70.216.120,LI,British Indian Ocean Territory (Chagos Archipelago),South Meaghanmouth,69.62925643197184,115.52879843530434,6850820710
85.68.71.24,PA,Netherlands,New Alessiaview,-1.5710614893880432,174.57963021150817,3326541859
168.94.105.250,NU,French Southern Territories,Sibylview,43.45374492211005,-147.92896853537877,2031830087
216.232.97.66,MO,Macao,Labadiechester,46.948132293476874,-115.82635128412508,8442675031
210.57.187.19,KW,American Samoa,Lake Brandtville,48.184636715836064,79.62925444229558,1180512669
46.83.53.81,HM,Belize,Stoltenbergview,-43.292783933396976,149.8416697051884,9497496148
71.144.198.4,CA,Republic of Korea,Cartwrightchester,-80.39637021252297,113.91783897364331,2867512648
not your IP address,ZA,Mozambique,East Korbinmouth,-17.13185181383571,152.2032815556899,4682571874
85.68.71.24,PA,Netherlands,New Alessiaview,-1.5710614893880432,174.57963021150817,3326541859
93.52.84.184,NL,Palestinian Territory,Milantown,-12.424805801844585,162.10839493035638,3979868990
16.150.247.46,TG,Zambia,West Felicity,86.8515635880602,-31.740671051930917,3847944078
74.166.27.246,MN,Pitcairn Islands,New Jordynborough,-78.10193238617067,114.08929695125039,6208394534
208.192.9.151,ER,China,Pagacside,42.99911474670077,22.209717547440448,7433864373
112.195.45.111,DO,Guernsey,East Karli,-86.50321503262182,28.606420380857486,7726967261
106.162.222.6,FJ,Comoros,Rosaton,83.76788706665911,-132.87306177852412,3138814852
122.176.34.121,ID,Vietnam,Ullrichhaven,-68.19468393839271,-174.42966427045127,4025289183
132.151.145.62,NZ,Guinea,Dickiton,-56.75484202174869,44.729929821052934,8420627864
85.68.71.24,PA,Netherlands,New Alessiaview,-1.5710614893880432,174.57963021150817,3326541859
102.43.195.192,SK,Qatar,Lake Landen,-31.6666455780409,-119.33656973469064,4203344031
162.28.46.77,TD,Uzbekistan,West Kenny,-62.56969126945215,104.91381474255189,5217563665
184.211.74.192,PH,Saint Pierre and Miquelon,Orinville,68.91043049439165,93.12326580381949,6420168569
76.42.243.91,PK,Andorra,South Bartonton,45.73970952201941,141.40506018038212,7633675947
52.75.34.242,VE,Macao,South Colton,-28.763462481451597,140.3286702413384,4054769159
182.150.81.231,NE,Poland,Websterburgh,45.85038503684805,-112.0334963282765,2612672644
100.247.203.229,RO,Malaysia,Romanshire,-34.775286358922415,-163.87590139353637,5627666830
212.67.162.197,NP,Western Sahara,South Leslie,-4.416703827886323,96.29078694943388,9296541649
85.68.71.24,PA,Netherlands,New Alessiaview,-1.5710614893880432,174.57963021150817,3326541859
45.223.144.238,TG,Poland,Mrazfurt,43.74367650088675,31.312092735206363,9495851069
48.93.24.197,KG,Ecuador,North Myriamland,20.748655537620877,-32.673090491757335,7759374020
16.248.91.22,BR,Latvia,Rueckerport,-14.386532655188262,32.44072482283221,1096938780
197.142.190.95,PF,Canada,Bettymouth,-40.119219187906204,35.41475884993605,6574107855
102.244.101.33,GY,Israel,Lake Richardside,-20.942970077679234,-54.128516807492204,1693001675
20.10.96.35,PK,Suriname,Paucekmouth,72.22130845851913,-88.25588071455545,3692783197
120.122.62.31,NO,Botswana,South Burdetteton,63.56436881437705,67.3872594680366,6086071165
80.69.143.158,MX,Greece,West Claramouth,-19.194021321389684,86.48273624111312,9266925822
162.184.109.88,MK,Saint Lucia,Addieport,63.26902841734227,-72.96032324555132,3875022966
176.176.43.206,WS,Barbados,West Mark,-38.1562905657112,131.22247486799586,6432887174
136.161.182.106,CO,Portugal,Port Carmelside,51.97394284431982,-42.206289347428026,3241304488
119.248.163.190,MP,Serbia,East Lawrencebury,89.99136690508229,-139.54035073110975,8910260727
158.42.48.28,OM,Papua New Guinea,Botsfordstad,22.462846413308498,-71.11073186635195,9488546652
24.131.119.14,LI,Kazakhstan,Hermanhaven,59.23978212381738,104.6477521784584,2435152645
185.174.215.175,MO,Senegal,North Nicholas,-71.94328489876301,76.61909854349062,9184834829
33.88.249.254,CX,Ukraine,Lake Leda,-65.09929150642881,47.79281594079842,7038982882
96.101.228.68,MW,Senegal,New Aniyamouth,-17.363684022156917,66.16991804622836,1713320939
113.62.121.36,UA,Cyprus,East Chelsieshire,-5.815777144233252,56.71245626153515,7432020124
179.140.160.31,VG,United States of America,East Lewisland,67.60382097259776,60.13837778989958,3226745377
not your IP address,VE,Macao,Abernathyburgh,74.53093746699648,-100.68998568655746,9197364036
193.224.210.33,IO,Palau,West Dorris,-6.144976295422353,-165.1859041503215,1998632418
210.117.232.52,ME,Algeria,Lisafurt,82.02782139721984,-57.756464739736444,7070854500
51.44.32.96,TV,Qatar,South Katarinaborough,0.5522311147414882,-167.36933368588362,3843199481
219.38.169.241,EU,Jordan,New Faustinoburgh,latitude,longitude,0
84.246.176.48,FM,New Zealand,Kemmerport,47.99731418704408,6.020812764849012,5440490142
6.71.147.77,CL,Equatorial Guinea,Port Delphastad,-81.47302147191914,-105.82312764555614,3707591132
23.9.52.158,BO,Niue,South Horaciotown,66.29165982516534,-2.6836115917743086,2150986341
85.68.71.24,PA,Netherlands,New Alessiaview,-1.5710614893880432,174.57963021150817,3326541859
,ZA,Belize,,46.815264731124444,130.52539720639356,0
85.68.71.24,PA,Netherlands,New Alessiaview,-1.5710614893880432,174.57963021150817,3326541859
187.249.99.158,,,,0,0,1005916552
32.234.175.64,HU,Heard Island and McDonald Islands,Padbergview,8.13678031029724,44.00960631725667,9698183932
77.160.200.5,RU,Reunion,North Lydatown,-45.695956503374504,-59.14830099504873,6198218868
78.46.52.175,KP,Netherlands Antilles,South Cleta,,,0
151.65.84.56,SX,Chile,Port Rosalindfort,-13.146617710131551,-179.33039185820138,1245909418
160.122.73.244,CO,Turkmenistan,Nickolaston,-28.434343568706367,17.60863413877985,5532117933
41.120.117.206,MH,Guatemala,Lynchport,-12.863859253857655,-121.48951671513902,6492990323
85.68.71.24,PA,Netherlands,New Alessiaview,-1.5710614893880432,174.57963021150817,3326541859
182.114.210.134,,,,0,0,3983375992
219.72.86.241,IS,United Kingdom,New Derrickshire,-44.02628376337595,38.69732042689665,3437131522
85.68.71.24,PA,Netherlands,New Alessiaview,-1.5710614893880432,174.57963021150817,3326541859
117.176.38.217,TL,Guatemala,Port Aron,-6.688695882676612,-100.0765183827177,9071878635
32.168.28.243,NR,Mongolia,Port Minervaborough,38.397565820225964,155.2057044615769,2299729733
17.251.101.212,JP,Greece,East Elizachester,80.28587031439739,49.62307895724405,3464890224
158.31.217.201,DK,Kiribati,South Augustine,-77.87470283343792,-73.11250199675041,6310103411
183.220.215.31,CF,Angola,West Camille,-33.76540192144828,1.5626932905424837,7857158298
28.172.234.121,PG,British Indian Ocean Territory (Chagos Archipelago),Weldonburgh,-67.02542641121809,91.20067791483353,5747870717
85.68.71.24,PA,Netherlands,New Alessiaview,-1.5710614893880432,174.57963021150817,3326541859
77.109.112.45,AG,Portugal,West Jaydon,-55.66178771302345,113.53263218649272,4047200632
217.225.185.3,CZ,Hong Kong,North Westonborough,7.234060397470273,70.08103499734818,5557732421
168.183.84.220,ER,Italy,West Marisolfort,-82.36588460639774,-20.592329136508766,7030684565
86.12.88.27,MQ,Reunion,West Alexa,-78.42655520366156,-151.54468897855537,7897341346
57.36.159.52,AG,Egypt,Corwinfurt,-74.72418284621935,-58.72696024403204,6286539489
85.68.71.24,PA,Netherlands,New Alessiaview,-1.5710614893880432,174.57963021150817,3326541859
44.36.201.127,KE,"Virgin Islands, British",Donaldtown,66.23296209586127,-169.06369743329992,7785568356
60.98.169.250,CN,French Guiana,Ileneborough,56.14068865274314,-91.27021127003415,4099265379
60.99.80.234,SK,Finland,Mayerburgh,76.64570737133658,93.41555006439552,2741682241
111.99.99.79,MW,Mauritania,West Julius,-79.70431775113121,54.919445819768015,1968266024
3.35.81.129,HR,Singapore,South Oriemouth,-27.62519977846545,147.09311443532152,2678067845
112.21.90.173,SB,Finland,Romaguerafurt,-31.757814090935334,-55.521846722044856,6204854358
74.68.114.116,CV,Pakistan,Harveymouth,-61.71709431365703,86.24503065724127,9557426113
67.147.83.121,CK,Canada,Danialton,-9.927605071482361,86.36176707749149,7191579464
85.68.71.24,PA,Netherlands,New Alessiaview,-1.5710614893880432,174.57963021150817,3326541859
85.68.71.24,PA,Netherlands,New Alessiaview,-1.5710614893880432,174.57963021150817,3326541859
190.48.42.91,SR,Denmark,Walkermouth,-37.78057298758958,-25.126302845371043,7756347909
57.170.228.122,ST,Georgia,South Boydville,-38.363369409466,-8.954324866140013,1463879602
202.45.28.216,,,,0,0,1579697858
154.96.83.226,CX,Kiribati,Kreigerchester,-39.680449581649306,123.73196925237602,4714958639
105.10.9.43,PF,Tonga,Boehmmouth,70.41483449478352,-92.52733672712895,6897224681
154.141.170.220,SV,Bermuda,Donnychester,-79.41239801879169,8.496974065129734,4406417222
129.227.202.137,BS,Micronesia,New Tobin,-36.87912052144826,51.395998213489264,1293910841
41.253.225.248,SG,Belarus,Port Johanton,-85.42881643315519,120.65012699269965,5112974751
179.244.157.92,GY,Guatemala,Wolffport,47.9845256791765,-37.665617072167436,2759154127
159.190.185.39,SH,Oman,Port Einar,75.1807243204569,-73.004704104137,6755235199
206.75.111.148,PY,Guinea-Bissau,South Elinore,62.263567241824035,-150.97206863171908,1941360844
97.176.54.71,ME,Puerto Rico,Hillsburgh,-47.03426027279415,-31.288634231914926,6514132294
82.205.136.89,PN,Mauritius,Gibsonfort,7.970123523768649,78.40443388481987,5610052597
155.160.92.141,NU,Paraguay,Camrenhaven,-38.19232626792192,-97.4087070186721,7901260511
121.96.155.18,MO,Albania,Jamalchester,41.318038655708904,177.05788025895697,9539509650
178.146.215.176,WS,Trinidad and Tobago,North Bereniceton,65.50914968252431,136.84357092520526,8861273646
152.187.186.92,BO,Guam,Ankundingstad,-79.79921976611529,-83.58489655887291,8948404095
66.31.134.23,NO,Cocos (Keeling) Islands,Lake Trisha,-46.04091012450784,-75.3842700943682,6207105157
59.119.70.242,JE,Uganda,Annieside,59.65889124193251,149.52009936931523,9183289592
42.209.107.27,GA,Congo,West Juniusberg,-20.09850701150667,130.40032877335653,8525398591
64.175.96.90,TD,United Arab Emirates,Klingview,54.8614451172825,-92.77834533005849,8537514869
69.164.125.142,MR,Bangladesh,Stokesfort,,,0
7.124.223.70,YT,Turkey,Kerlukeborough,65.08356031915307,162.7872838068826,3740030120
not your IP address,DM,Norway,Schowalterberg,-36.92769484668156,-107.81099329175446,1619973540
166.113.160.200,CG,Slovakia (Slovak Republic),Beattyhaven,26.707882519422398,-172.16829469574185,6089217234
141.214.92.171,HN,Macedonia,Karellemouth,36.68251991277782,71.30471412947327,4501174657
24.22.119.181,CR,Democratic People's Republic of Korea,Eleanorehaven,-7.090901677567899,145.35543127928452,6680131382
143.100.191.133,FR,Cayman Islands,Littleland,-81.66772666370827,-150.18695721617524,5309670168
not your IP address,RW,Tunisia,Herzogville,9.798708468502085,49.355300446622465,8929224536
38.79.90.160,JE,Tajikistan,Ankundingfurt,-69.03794086206979,-164.6291861496726,1267701334
178.85.254.110,KR,Taiwan,East Victorfort,86.41929453127332,-67.2660347335407,6951336398
146.226.63.112,CM,Rwanda,Lake Zettaport,7.530132466386732,34.17877639743051,1913448097
132.230.222.26,LV,Slovenia,Eltafurt,-23.801937343728184,125.56308327333625,9222123013
,GB,Guam,,68.0357989803181,-128.34002011846405,0
128.196.94.15,42,Spain,South Hailey,-58.701505150641125,29.800994873677183,0
85.68.71.24,PA,Netherlands,New Alessiaview,-1.5710614893880432,174.57963021150817,3326541859
193.27.84.101,BN,Oman,Shanonfurt,-78.1341582436375,-140.30465135298022,9673739675
85.68.71.24,PA,Netherlands,New Alessiaview,-1.5710614893880432,174.57963021150817,3326541859
29.68.17.65,EU,Czech Republic,New Marco,latitude,longitude,0
60.98.129.218,EU,Afghanistan,Port Ila,latitude,longitude,0
122.23.96.139,42,Tonga,Reicherttown,75.88330376075919,140.1205906923213,0
2.165.25.58,EG,Bosnia and Herzegovina,Lake Taylormouth,-63.20131059832302,163.01520011357024,4072934000
102.48.210.235,MG,Russian Federation,West Tabithahaven,-48.01771852436451,8.148319974600753,2921613223
37.190.118.4,GD,El Salvador,North Maribel,51.04832935599157,131.35015179988847,5798899286
220.234.71.243,BW,Greenland,Marcosport,54.806863380316145,-86.06748549082492,6550720222
20.239.169.166,HK,Algeria,New Jerrell,17.171448844984425,-57.08690844848296,6997486392
54.97.217.60,CX,Malta,Lexiechester,21.420486344548536,174.99197223701123,6248701853
56.242.171.19,GM,Japan,Donavonton,-53.499082036552515,69.48034029083414,8238007542
97.250.217.214,SG,Antarctica (the territory South of 60 deg S),West Hazelmouth,60.31814194657599,144.43858687256989,5585669039
81.193.173.233,IN,Venezuela,Lake Priscilla,26.396974692122996,-127.93507966086095,4513460459
8.120.247.79,CK,United States of America,Lake Bailee,69.98454130885028,0.3272285006639777,6149816462
221.114.240.226,CM,Syrian Arab Republic,Collierport,26.832544931055082,115.55348907354045,2942744231
113.48.135.202,RU,Brazil,Kathleentown,-83.37470953591279,-112.75578392212357,3095235452
124.70.23.204,ME,Kazakhstan,Dibbertside,86.03389797523738,-38.95855411998471,9360095485
194.154.204.178,EH,Bahrain,Lake Pablostad,16.886412925936952,-6.39070200018773,5505017519
77.41.170.215,SI,Lao People's Democratic Republic,Celestinefurt,-32.265287645077,142.16928860290233,5943634367
184.19.137.174,VE,Croatia,New Luechester,-68.8316904995153,-99.82077752056148,3858596947
126.126.208.71,KR,Panama,Leannonmouth,73.34339680194009,-17.464759957631713,2275988620
177.182.42.51,IN,Italy,Kundebury,-58.05363452172884,29.047913083059086,3136235100
199.13.26.155,PY,Kenya,Cliftonburgh,-66.52769153696575,-130.62684376288325,8416964681
207.20.240.99,UY,Serbia,Runolfssonburgh,79.79926400636785,76.96887633147742,2054529182
112.221.127.224,PG,Sweden,Lake Mathilde,81.26068839998553,64.09700310018175,2939170197
66.15.35.38,LV,Moldova,Stoltenbergside,,,0
156.67.250.90,PG,Pitcairn Islands,Port Kristy,-8.30658041438349,108.3658930751456,2030879901
144.8.124.189,NZ,Palau,Devontemouth,-13.073728505501634,-47.876268374684656,3032234721
135.59.41.162,MD,United States of America,Diegoshire,-75.2545845783556,151.8566590106609,5353110731
85.68.71.24,PA,Netherlands,New Alessiaview,-1.5710614893880432,174.57963021150817,3326541859
217.175.108.6,SI,Mauritius,East Ludwig,-55.935708843397855,170.65117847440814,7696107502
92.85.174.142,FO,French Polynesia,New Shanny,-72.7998460226944,-60.12949375556579,7860338064
75.37.30.33,PN,Nigeria,Connport,39.29914364310446,177.48283330442058,5608808662
175.9.32.105,CN,Cocos (Keeling) Islands,Tyraport,-75.67262835683323,89.65796304191946,6701543868
202.3.142.193,TH,Saint Lucia,Lake Christopstad,-82.57400634368663,-80.82059815406781,7635342032
156.64.121.4,BR,Guernsey,Gleichnertown,-31.213986541585648,-92.6618585996804,6280892090
105.33.160.109,BG,Saint Barthelemy,Nienowland,52.19499281622052,150.501794571914,1302431444
157.150.194.124,JP,Yemen,West Santiago,52.34102177117063,-11.817988675843537,9399316675
194.33.96.177,PH,Yemen,Andersonton,8.893633176773704,-44.1603214726635,2444911883
85.68.71.24,PA,Netherlands,New Alessiaview,-1.5710614893880432,174.57963021150817,3326541859
217.218.88.185,LR,Syrian Arab Republic,Keeblerberg,-45.32160914718144,-174.59757971599973,2390570895
59.122.159.127,JM,Austria,North Darrel,25.66599546169823,-69.05928002634589,1488515972
103.73.234.99,CF,Dominica,North Stephanberg,31.038760590768064,72.86930140675551,9700025760
195.247.42.197,LV,Madagascar,Balistrerishire,37.05144709540946,55.76119126623752,8706021330
85.68.71.24,PA,Netherlands,New Alessiaview,-1.5710614893880432,174.57963021150817,3326541859
213.209.218.95,LC,Bahamas,East Delfina,-37.97778354801474,128.22823078097542,5650431147
102.187.247.37,BF,Poland,North Cheyenne,-25.90268629878551,-98.8848101489809,7968925940
182.205.113.201,TR,Turks and Caicos Islands,East Graham,72.28304337624522,3.3488052010363845,8060368355
79.41.96.240,UA,Wallis and Futuna,Lake Coleman,-53.5005686383202,-137.31050676785722,5178268874
206.188.173.138,BW,Netherlands,Ericaview,-89.4118603061359,1.4786400121378165,9363745624
46.36.29.92,MU,Sri Lanka,Willville,-16.674373361737963,149.23871286623012,2642590226
83.226.118.80,LI,Sri Lanka,North Shawna,76.19217884109406,-110.34402055852942,2395900916
135.72.185.75,GW,American Samoa,Jakubowskifort,-79.40431673049761,-57.37194306100211,1171485710
71.106.63.137,GF,Pitcairn Islands,Justynbury,-57.8651354525624,51.968610169906356,6475953733
34.205.82.150,42,Finland,Maeveberg,-52.022301281014016,137.14124376349656,0
154.56.105.5,NO,Gabon,Kihnchester,84.36292396700327,69.17813708907357,9994987723
207.84.240.73,SB,Mauritania,North Jessetown,57.665345134650266,11.402717741338563,8748728363
103.231.200.5,PL,Estonia,New Jacklynport,11.98333357679661,-38.702875962435456,2538010436
103.175.133.224,CU,Bangladesh,West Diamond,86.24613543612827,73.38433527840584,1363977980
140.254.23.155,KY,Swaziland,North Angelineshire,30.787626591858015,-21.773994992815346,8108122837
153.199.214.201,UG,Eritrea,Lake Vladimir,-22.399680665359,-106.85320796821973,8770785945
104.213.241.184,YT,Western Sahara,Laurelport,46.49545602410029,-175.27820869994696,5353676925
146.145.210.134,SD,Colombia,West Camilafort,5.004552297397922,166.20290364661184,1816477337
85.68.71.24,PA,Netherlands,New Alessiaview,-1.5710614893880432,174.57963021150817,3326541859
145.97.139.83,SO,Pitcairn Islands,Godfreyview,-7.992654423410897,-35.33350297713025,2377191046
98.105.209.159,TK,Suriname,Port Giovani,-40.713455211649226,110.26638674204105,3348022783
140.129.151.37,ME,Turkmenistan,Lake Fritzmouth,46.51073394805118,-142.61370355815424,4306864146
205.206.210.74,GM,Maldives,New Brenda,-12.168817143266864,-160.8659780486519,5793040408
182.91.27.102,ST,Panama,Heidenreichland,31.906993175116796,13.575331060262698,7981193743
184.115.20.93,KR,Cote d'Ivoire,Ambroseville,-28.352683965047525,113.58038927580134,1688660430
154.226.144.221,PY,Belarus,Andreaneport,14.4919074214544,91.67373303961892,8669633730
42.78.185.143,AW,United Arab Emirates,East Liliana,68.45769287631501,-134.39195835798216,2588834515
139.30.200.74,WS,Saint Kitts and Nevis,Port Brennan,75.28487641605835,99.71177125153253,2093426699
66.68.79.34,TH,United States of America,Lake Emmetberg,-4.36457257650126,99.873533268105,8176360780
208.25.209.111,TC,Cote d'Ivoire,Bartholomeport,-43.105224399713805,-0.5903309999057456,2124497678
49.247.10.69,KE,Belize,Port Johnniefurt,46.50661274836622,2.214605994550226,2794780215
102.98.56.202,TJ,Niger,Lake Kaleb,-83.04299615510298,20.111633326965716,4427301855
,KG,Kuwait,,-38.794831670295224,-172.0495053858671,0
16.64.61.49,HR,Saint Lucia,West Jena,-27.633804980522335,-88.78066768886804,1488532491
126.103.169.127,CW,Mali,Harveybury,15.687559448809807,-63.45377817596801,4619304047
194.43.3.45,42,Pitcairn Islands,Port Ernestinetown,69.79538107019121,162.46660205161845,0
85.68.71.24,PA,Netherlands,New Alessiaview,-1.5710614893880432,174.57963021150817,3326541859
63.28.143.13,IO,Fiji,West Coralieton,-83.10876947689785,28.66516881908194,1286312005
21.117.144.234,AG,Sao Tome and Principe,West Cloyd,24.118042765734202,33.585896328297196,1269359012
135.39.218.216,MN,Cyprus,Kennithhaven,-45.55035736625204,-173.54062501352234,8995114148
218.154.150.111,AX,El Salvador,Franciscaborough,-57.37282693912565,43.233956225951005,9563589874
69.126.131.247,BQ,Niue,New Hershelstad,-85.25359598330772,-51.04093667968493,8688418813
82.123.77.223,IO,Niue,Lake Issac,-42.55823491694247,86.88999525132641,8283613823
106.211.166.221,MD,Kenya,Lake Carlottabury,14.513589844413502,107.0618343319411,4525468913
,GA,Togo,,62.48769532508496,28.103021810007135,0
186.118.36.29,CF,Mauritius,Scotbury,5.907268983166546,-68.53530001841874,8199105238
110.70.226.59,BW,Tajikistan,East Rosemarieland,-73.06964096225443,-145.1861000500649,9031733163
191.10.96.224,DM,"Virgin Islands, U.S.",Watsicafort,-60.84211273552394,-51.59192363300909,7994739965
185.85.252.96,,,,0,0,3785639852
85.68.71.24,PA,Netherlands,New Alessiaview,-1.5710614893880432,174.57963021150817,3326541859
108.139.79.226,UZ,Lithuania,Torphyburgh,69.88107483381751,-70.76124906524889,5466953708
13.112.57.193,AL,Romania,Murraybury,26.200473327097853,-41.65203947658816,3853253501
32.152.154.104,PE,Saint Lucia,Reneside,41.63635599706788,69.38615830709031,9322340797
62.109.22.164,ML,Belgium,Wehnerberg,62.49104204914889,114.0998889530839,3170096179
171.190.235.217,SD,Kiribati,Gerhardside,-73.70428700020085,128.95924359305457,7774336114
,MH,Honduras,,58.449770641291025,-107.24632302116689,0
60.144.150.222,EC,Argentina,Heidenreichview,-32.69102758118875,41.01240503768213,9539576508
42.164.171.150,VI,Venezuela,Bradtkeport,4.835663946203297,161.86299883261546,9264763097
41.83.85.133,BR,United States Minor Outlying Islands,Kennyton,3.867187231554155,118.61954297282381,8876640481
78.172.112.101,MS,Montenegro,Port Lizzie,-36.04575773650269,-123.3349745312542,9715167309
45.40.52.53,HR,Isle of Man,North Royce,83.32032599010213,-154.18556953490832,8377968571
164.161.16.4,MG,Tuvalu,West Clementineville,-41.446516245356165,126.42177480513175,7590653626
98.252.200.43,JO,Hong Kong,Port Virginie,-30.044263072219408,-166.5205097226726,2515648724
196.149.94.150,US,Gabon,Krajcikmouth,-0.19708165802731514,-147.3757385624178,9474057760
85.68.71.24,PA,Netherlands,New Alessiaview,-1.5710614893880432,174.57963021150817,3326541859
31.65.210.238,IO,Peru,Port Lylaport,-12.37635849544803,-116.91450941302867,4689049292
129.243.146.172,,,,0,0,5514931451
74.77.49.244,RO,Angola,Katrinaberg,23.141422277100006,137.64872715036728,7375153057
71.147.134.3,PL,Hungary,Beckerhaven,1.3017532783769212,-122.11775302564669,7622482694
61.167.221.114,VA,Moldova,West Kaleyshire,0.032830578011711964,-153.88126228049902,3071302878
193.179.56.2,BW,Tonga,Shadstad,-43.01586262228197,6.756453105541908,1820748798
8.64.97.18,WF,Cambodia,Port Norvalbury,7.6241404359216745,-34.63778782541007,9475252368
66.133.164.167,FR,Anguilla,South Candelarioland,-33.59846878842598,-173.31653989481674,3760276791
87.90.50.193,CU,Zambia,Port Genovevaville,3.3626429979649686,11.313673694992161,3418857525
not your IP address,PR,Marshall Islands,O'Connerland,51.11100908041524,98.96295366511333,6307373029
215.251.125.16,CI,Guinea-Bissau,West Alanaburgh,-65.04637183530942,8.63849554326373,9940692268
50.117.54.62,VU,Belize,Terryhaven,-15.484675780600298,147.73392250044066,5535418629
17.241.60.17,BS,Peru,Coleton,-30.580365654802556,36.55797854689132,2467571646
114.82.202.226,CH,Pakistan,North Noemiland,-82.39317004217021,-114.66336939524541,5630567333
94.106.194.187,LS,Puerto Rico,East Elva,-16.715495018419745,48.32333819007249,3415665895
137.174.202.141,GF,Egypt,Gulgowskiberg,-21.509342447553152,-38.267762427193645,6386051196
29.252.239.19,IE,Madagascar,Sauerport,-85.21602631889606,-53.94181824192499,4769837795
16.150.160.199,DO,Holy See (Vatican City State),East Federicoberg,-79.47834741327216,143.3140342245444,6061516426
85.68.71.24,PA,Netherlands,New Alessiaview,-1.5710614893880432,174.57963021150817,3326541859
14.97.249.49,KP,Guadeloupe,Heathcoteville,-26.38868501526334,-24.903398271324704,9087005045
not your IP address,CD,Gibraltar,North Elenorborough,56.679142448680096,142.97830856765512,7892041538
115.216.133.22,ID,Iraq,Osinskibury,56.91798336719026,-18.159217834864734,8971039365
99.5.19.124,TM,Kenya,Opheliaborough,54.379536400909274,32.232519946518124,3650718110
23.132.201.27,HT,Mali,Port Araceliview,82.64032429109727,-160.1564028756771,8116266374
192.154.225.125,SO,Belize,North Masonfurt,21.71306599928583,-127.43034467628615,1882786889
178.26.41.197,LV,Lebanon,Luettgenchester,-81.82108501192819,-114.2694248371099,1457835080
90.207.214.178,ML,Monaco,Bernadinetown,-88.51812565446616,-90.92695387983251,7803752326
8.66.8.242,IR,Wallis and Futuna,Strosinbury,7.372336557950106,176.08972828845555,1500465813
201.132.122.18,PH,Thailand,Prudenceside,-33.96382401647889,-111.48232364716091,6741787371
36.251.82.30,GB,Macao,New Malliefurt,80.13929707883824,-158.10149761769543,9703511577
147.252.14.109,AR,Nicaragua,Odellville,29.485582949319834,-97.66371498816967,1665230589
,IL,Swaziland,,-61.32984149901199,175.8458046746225,0
35.143.41.139,CR,Marshall Islands,Runteside,34.1946797181016,123.71920232350669,1672425791
85.68.71.24,PA,Netherlands,New Alessiaview,-1.5710614893880432,174.57963021150817,3326541859
100.138.26.33,JE,Malawi,Port Roger,-71.4616963876388,-28.512402971184088,9010830700
155.234.144.78,DE,Iceland,Lake Vivianborough,-78.16007800562002,-141.46062973862593,7845974522
102.28.106.192,NA,Venezuela,Hartmannfort,-77.48032850427475,-12.685129928291133,8372251755
195.92.37.191,CM,Venezuela,Savannahside,75.00361696640493,137.555403815768,8277552463
51.19.113.166,AW,Indonesia,Casandramouth,-25.23197148275554,-38.82170909130653,4860910445
96.175.82.77,GE,Saint Helena,Port Tyshawnton,-69.30266238206967,-87.90667147768161,2657088900
122.89.93.250,VE,El Salvador,Dickifurt,-1.7632014570251187,-38.999323082995545,6170230625
157.174.73.243,VN,Madagascar,Dinatown,-51.063757207549074,-168.49751400650717,4367279299
206.163.64.169,GQ,Cocos (Keeling) Islands,Alannamouth,-31.020749350191757,-127.01204613946895,1796448892
123.34.191.217,GQ,Northern Mariana Islands,South Cooper,-79.72983189410141,41.75442587466151,7593838126
85.68.71.24,PA,Netherlands,New Alessiaview,-1.5710614893880432,174.57963021150817,3326541859
170.140.7.107,ES,Oman,Brendenside,61.13724859965353,52.002853188154916,1012229281
104.52.67.231,42,Anguilla,Koeppburgh,22.515140641018377,-14.482837993758295,0
137.238.167.244,GW,Kuwait,Khalilfort,71.96353628919456,30.895115824611423,8294940417
41.137.14.93,NU,Ethiopia,Port Penelope,46.33363525213423,7.5255997548153175,7678839532
149.224.127.41,KP,Suriname,Watersport,-70.29192130749975,95.33417857216881,2367813426
91.24.155.67,TM,Chile,Garryberg,-25.44346002479979,-149.81433934753557,9393140107
80.235.198.68,AZ,Antarctica (the territory South of 60 deg S),West Marlon,0.5822256553711895,100.77527958241637,9469186011
170.115.164.240,TJ,Equatorial Guinea,Einarstad,-70.33573351707818,-67.41882083389275,5647371559
24.68.96.234,DJ,Holy See (Vatican City State),Wardhaven,-63.48356881453415,23.114984083223504,3524711032
